year,branch,branch_ar,total_area_ha,irrigated_area_ha,reclaimed_m3,groundwater_m3,agri_drainage_m3
2020,Al-Ahsa,الأحساء,8384,2488,81136190,870451,13139462
2020,Riyadh,الرياض,18045,13534,31768711,,
2020,Qatif,القطيف,376,200,3129920,3461346,
2020,Dumat Al-Jandal,دومة الجندل,1600,950,,11073641,
2020,Al-Aflaj,الأفلاج,101,72,,1652078,
2021,Al-Ahsa,الأحساء,8919,2616,95729896,440199,1989244
2021,Riyadh,الرياض,16122,2553,27254947,,
2021,Qatif,القطيف,376,229,5220980,1686447,
2021,Dumat Al-Jandal,دومة الجندل,1580,938,,10677154,
2021,Al-Aflaj,الأفلاج,101,77,,1151855,
2021,Madinah,المدينة المنورة,,1543,14550000,,
2022,Al-Ahsa,الأحساء,8919,3335,102718436,284033,1436947
2022,Riyadh,الرياض,16122,2930,28085342,,
2022,Qatif,القطيف,376,229,6379014,,
2022,Dumat Al-Jandal,دومة الجندل,1580,480,,6982061,
2022,Al-Aflaj,الأفلاج,101,70,,1411231,
2022,Madinah,المدينة المنورة,6525,1543,49610000,,
