option_id,water_case,source,energy_case,m3_per_degree,m3_per_degree_low,m3_per_degree_high,MWh_per_degree,MWh_per_degree_low,MWh_per_degree_high
outside the built-up area: 1–2,low,desalinated seawater (SWRO),low,617.5633666311139,550.3361921994102,760.1522694908228,1.543908416577785,1.3758404804985256,1.900380673727057
outside the built-up area: 1–2,low,desalinated seawater (SWRO),central,617.5633666311139,550.3361921994102,760.1522694908228,2.0070809415511204,1.7885926246480832,2.470494875845174
outside the built-up area: 1–2,low,desalinated seawater (SWRO),high,617.5633666311139,550.3361921994102,760.1522694908228,2.4702534665244555,2.201344768797641,3.0406090779632913
outside the built-up area: 1–2,central,desalinated seawater (SWRO),low,889.2912479488042,792.4841167671508,1094.619268066785,2.2232281198720107,1.981210291917877,2.7365481701669623
outside the built-up area: 1–2,central,desalinated seawater (SWRO),central,889.2912479488042,792.4841167671508,1094.619268066785,2.890196555833614,2.5755733794932403,3.557512621217051
outside the built-up area: 1–2,central,desalinated seawater (SWRO),high,889.2912479488042,792.4841167671508,1094.619268066785,3.557164991795217,3.169936467068603,4.37847707226714
outside the built-up area: 1–2,high,desalinated seawater (SWRO),low,1574.7865849093407,1403.357290108496,1938.3882872015984,3.9369664622733516,3.50839322527124,4.845970718003996
outside the built-up area: 1–2,high,desalinated seawater (SWRO),central,1574.7865849093407,1403.357290108496,1938.3882872015984,5.118056400955357,4.560911192852612,6.299761933405194
outside the built-up area: 1–2,high,desalinated seawater (SWRO),high,1574.7865849093407,1403.357290108496,1938.3882872015984,6.299146339637363,5.613429160433984,7.753553148806393
outside the built-up area: 1–2,low,treated wastewater,low,617.5633666311139,550.3361921994102,760.1522694908228,0.18526900998933415,0.16510085765982305,0.22804568084724683
outside the built-up area: 1–2,low,treated wastewater,central,617.5633666311139,550.3361921994102,760.1522694908228,0.3705380199786683,0.3302017153196461,0.45609136169449366
outside the built-up area: 1–2,low,treated wastewater,high,617.5633666311139,550.3361921994102,760.1522694908228,0.574333930966936,0.5118126587454516,0.7069416106264652
outside the built-up area: 1–2,central,treated wastewater,low,889.2912479488042,792.4841167671508,1094.619268066785,0.26678737438464123,0.23774523503014525,0.32838578042003547
outside the built-up area: 1–2,central,treated wastewater,central,889.2912479488042,792.4841167671508,1094.619268066785,0.5335747487692825,0.4754904700602905,0.6567715608400709
outside the built-up area: 1–2,central,treated wastewater,high,889.2912479488042,792.4841167671508,1094.619268066785,0.8270408605923879,0.7370102285934503,1.0179959193021102
outside the built-up area: 1–2,high,treated wastewater,low,1574.7865849093407,1403.357290108496,1938.3882872015984,0.4724359754728022,0.4210071870325488,0.5815164861604796
outside the built-up area: 1–2,high,treated wastewater,central,1574.7865849093407,1403.357290108496,1938.3882872015984,0.9448719509456044,0.8420143740650976,1.1630329723209591
outside the built-up area: 1–2,high,treated wastewater,high,1574.7865849093407,1403.357290108496,1938.3882872015984,1.464551523965687,1.3051222798009015,1.8027011070974865
outside the built-up area: 3–4,low,desalinated seawater (SWRO),low,947.2206638722723,837.133888460706,1186.3408708337938,2.368051659680681,2.092834721151765,2.9658521770844843
outside the built-up area: 3–4,low,desalinated seawater (SWRO),central,947.2206638722723,837.133888460706,1186.3408708337938,3.078467157584885,2.7206851374972945,3.85560783020983
outside the built-up area: 3–4,low,desalinated seawater (SWRO),high,947.2206638722723,837.133888460706,1186.3408708337938,3.7888826554890893,3.348535553842824,4.745363483335176
outside the built-up area: 3–4,central,desalinated seawater (SWRO),low,1363.9977559760723,1205.4727993834167,1708.3308540006633,3.4099943899401803,3.0136819984585417,4.2708271350016584
outside the built-up area: 3–4,central,desalinated seawater (SWRO),central,1363.9977559760723,1205.4727993834167,1708.3308540006633,4.432992706922235,3.917786597996104,5.552075275502156
outside the built-up area: 3–4,central,desalinated seawater (SWRO),high,1363.9977559760723,1205.4727993834167,1708.3308540006633,5.455991023904289,4.821891197533667,6.833323416002653
outside the built-up area: 3–4,high,desalinated seawater (SWRO),low,2415.4126928742944,2134.6914155748,3025.1692206261746,6.038531732185737,5.336728538937,7.562923051565436
outside the built-up area: 3–4,high,desalinated seawater (SWRO),central,2415.4126928742944,2134.6914155748,3025.1692206261746,7.850091251841457,6.9377471006181,9.831799967035067
outside the built-up area: 3–4,high,desalinated seawater (SWRO),high,2415.4126928742944,2134.6914155748,3025.1692206261746,9.661650771497177,8.5387656622992,12.100676882504699
outside the built-up area: 3–4,low,treated wastewater,low,947.2206638722723,837.133888460706,1186.3408708337938,0.2841661991616817,0.2511401665382118,0.35590226125013813
outside the built-up area: 3–4,low,treated wastewater,central,947.2206638722723,837.133888460706,1186.3408708337938,0.5683323983233634,0.5022803330764236,0.7118045225002763
outside the built-up area: 3–4,low,treated wastewater,high,947.2206638722723,837.133888460706,1186.3408708337938,0.8809152174012134,0.7785345162684566,1.1032970098754282
outside the built-up area: 3–4,central,treated wastewater,low,1363.9977559760723,1205.4727993834167,1708.3308540006633,0.40919932679282167,0.36164183981502496,0.512499256200199
outside the built-up area: 3–4,central,treated wastewater,central,1363.9977559760723,1205.4727993834167,1708.3308540006633,0.8183986535856433,0.7232836796300499,1.024998512400398
outside the built-up area: 3–4,central,treated wastewater,high,1363.9977559760723,1205.4727993834167,1708.3308540006633,1.2685179130577473,1.1210897034265777,1.588747694220617
outside the built-up area: 3–4,high,treated wastewater,low,2415.4126928742944,2134.6914155748,3025.1692206261746,0.7246238078622883,0.64040742467244,0.9075507661878524
outside the built-up area: 3–4,high,treated wastewater,central,2415.4126928742944,2134.6914155748,3025.1692206261746,1.4492476157245766,1.28081484934488,1.8151015323757047
outside the built-up area: 3–4,high,treated wastewater,high,2415.4126928742944,2134.6914155748,3025.1692206261746,2.246333804373094,1.9852630164845642,2.8134073751823427
outside the built-up area: 5–8,low,desalinated seawater (SWRO),low,1134.9804097599722,1038.5286660596987,1586.5448934690048,2.8374510243999302,2.5963216651492464,3.966362233672512
outside the built-up area: 5–8,low,desalinated seawater (SWRO),central,1134.9804097599722,1038.5286660596987,1586.5448934690048,3.6886863317199095,3.375218164694021,5.156270903774266
outside the built-up area: 5–8,low,desalinated seawater (SWRO),high,1134.9804097599722,1038.5286660596987,1586.5448934690048,4.539921639039889,4.1541146642387945,6.346179573876019
outside the built-up area: 5–8,central,desalinated seawater (SWRO),low,1634.3717900543602,1495.4812791259665,2284.6246465953673,4.0859294751359005,3.738703197814916,5.711561616488417
outside the built-up area: 5–8,central,desalinated seawater (SWRO),central,1634.3717900543602,1495.4812791259665,2284.6246465953673,5.311708317676671,4.860314157159391,7.425030101434944
outside the built-up area: 5–8,central,desalinated seawater (SWRO),high,1634.3717900543602,1495.4812791259665,2284.6246465953673,6.537487160217441,5.981925116503866,9.13849858638147
outside the built-up area: 5–8,high,desalinated seawater (SWRO),low,2894.2000448879294,2648.248098452232,4045.6894783459625,7.235500112219824,6.6206202461305805,10.114223695864906
outside the built-up area: 5–8,high,desalinated seawater (SWRO),central,2894.2000448879294,2648.248098452232,4045.6894783459625,9.406150145885771,8.606806319969756,13.148490804624378
outside the built-up area: 5–8,high,desalinated seawater (SWRO),high,2894.2000448879294,2648.248098452232,4045.6894783459625,11.576800179551718,10.59299239380893,16.18275791338385
outside the built-up area: 5–8,low,treated wastewater,low,1134.9804097599722,1038.5286660596987,1586.5448934690048,0.3404941229279917,0.3115585998179096,0.4759634680407014
outside the built-up area: 5–8,low,treated wastewater,central,1134.9804097599722,1038.5286660596987,1586.5448934690048,0.6809882458559834,0.6231171996358192,0.9519269360814028
outside the built-up area: 5–8,low,treated wastewater,high,1134.9804097599722,1038.5286660596987,1586.5448934690048,1.0555317810767741,0.9658316594355199,1.4754867509261747
outside the built-up area: 5–8,central,treated wastewater,low,1634.3717900543602,1495.4812791259665,2284.6246465953673,0.49031153701630803,0.44864438373779,0.6853873939786101
outside the built-up area: 5–8,central,treated wastewater,central,1634.3717900543602,1495.4812791259665,2284.6246465953673,0.9806230740326161,0.89728876747558,1.3707747879572203
outside the built-up area: 5–8,central,treated wastewater,high,1634.3717900543602,1495.4812791259665,2284.6246465953673,1.5199657647505551,1.390797589587149,2.124700921333692
outside the built-up area: 5–8,high,treated wastewater,low,2894.2000448879294,2648.248098452232,4045.6894783459625,0.8682600134663788,0.7944744295356696,1.2137068435037885
outside the built-up area: 5–8,high,treated wastewater,central,2894.2000448879294,2648.248098452232,4045.6894783459625,1.7365200269327576,1.5889488590713392,2.427413687007577
outside the built-up area: 5–8,high,treated wastewater,high,2894.2000448879294,2648.248098452232,4045.6894783459625,2.691606041745774,2.4628707315605762,3.7624912148617455
outside the built-up area: 9,low,desalinated seawater (SWRO),low,1016.0203253183423,954.7531337819805,1470.7212981744624,2.540050813295856,2.386882834454951,3.676803245436156
outside the built-up area: 9,low,desalinated seawater (SWRO),central,1016.0203253183423,954.7531337819805,1470.7212981744624,3.3020660572846126,3.102947684791437,4.779844219067003
outside the built-up area: 9,low,desalinated seawater (SWRO),high,1016.0203253183423,954.7531337819805,1470.7212981744624,4.06408130127337,3.8190125351279223,5.88288519269785
outside the built-up area: 9,central,desalinated seawater (SWRO),low,1463.069268458413,1374.844512646052,2117.838669371226,3.6576731711460324,3.4371112816151297,5.294596673428065
outside the built-up area: 9,central,desalinated seawater (SWRO),central,1463.069268458413,1374.844512646052,2117.838669371226,4.754975122489843,4.468244666099668,6.882975675456485
outside the built-up area: 9,central,desalinated seawater (SWRO),high,1463.069268458413,1374.844512646052,2117.838669371226,5.852277073833652,5.499378050584208,8.471354677484904
outside the built-up area: 9,high,desalinated seawater (SWRO),low,2590.8518295617732,2434.62049114405,3750.3393103448784,6.477129573904433,6.0865512278601255,9.375848275862197
outside the built-up area: 9,high,desalinated seawater (SWRO),central,2590.8518295617732,2434.62049114405,3750.3393103448784,8.420268446075763,7.912516596218163,12.188602758620855
outside the built-up area: 9,high,desalinated seawater (SWRO),high,2590.8518295617732,2434.62049114405,3750.3393103448784,10.363407318247093,9.7384819645762,15.001357241379514
outside the built-up area: 9,low,treated wastewater,low,1016.0203253183423,954.7531337819805,1470.7212981744624,0.3048060975955027,0.28642594013459416,0.4412163894523387
outside the built-up area: 9,low,treated wastewater,central,1016.0203253183423,954.7531337819805,1470.7212981744624,0.6096121951910054,0.5728518802691883,0.8824327789046774
outside the built-up area: 9,low,treated wastewater,high,1016.0203253183423,954.7531337819805,1470.7212981744624,0.9448989025460584,0.8879204144172419,1.3677708073022503
outside the built-up area: 9,central,treated wastewater,low,1463.069268458413,1374.844512646052,2117.838669371226,0.4389207805375239,0.41245335379381554,0.6353516008113678
outside the built-up area: 9,central,treated wastewater,central,1463.069268458413,1374.844512646052,2117.838669371226,0.8778415610750478,0.8249067075876311,1.2707032016227355
outside the built-up area: 9,central,treated wastewater,high,1463.069268458413,1374.844512646052,2117.838669371226,1.3606544196663242,1.2786053967608284,1.9695899625152402
outside the built-up area: 9,high,treated wastewater,low,2590.8518295617732,2434.62049114405,3750.3393103448784,0.777255548868532,0.7303861473432149,1.1251017931034635
outside the built-up area: 9,high,treated wastewater,central,2590.8518295617732,2434.62049114405,3750.3393103448784,1.554511097737064,1.4607722946864299,2.250203586206927
outside the built-up area: 9,high,treated wastewater,high,2590.8518295617732,2434.62049114405,3750.3393103448784,2.409492201492449,2.264197056763966,3.487815558620737
built-up surroundings: 1–2,low,desalinated seawater (SWRO),low,943.6810770444014,805.155252142882,1155.6913251888045,2.3592026926110035,2.012888130357205,2.889228312972011
built-up surroundings: 1–2,low,desalinated seawater (SWRO),central,943.6810770444014,805.155252142882,1155.6913251888045,3.0669635003943045,2.616754569464366,3.7559968068636143
built-up surroundings: 1–2,low,desalinated seawater (SWRO),high,943.6810770444014,805.155252142882,1155.6913251888045,3.7747243081776056,3.220621008571528,4.622765300755218
built-up surroundings: 1–2,central,desalinated seawater (SWRO),low,1358.9007509439382,1159.4235630857502,1664.1955082718787,3.3972518773598455,2.8985589077143756,4.160488770679696
built-up surroundings: 1–2,central,desalinated seawater (SWRO),central,1358.9007509439382,1159.4235630857502,1664.1955082718787,4.416427440567799,3.7681265800286883,5.408635401883606
built-up surroundings: 1–2,central,desalinated seawater (SWRO),high,1358.9007509439382,1159.4235630857502,1664.1955082718787,5.435603003775753,4.6376942523430005,6.656782033087515
built-up surroundings: 1–2,high,desalinated seawater (SWRO),low,2406.3867464632235,2053.145892964349,2947.0128792314517,6.015966866158059,5.132864732410872,7.36753219807863
built-up surroundings: 1–2,high,desalinated seawater (SWRO),central,2406.3867464632235,2053.145892964349,2947.0128792314517,7.820756926005476,6.672724152134135,9.577791857502218
built-up surroundings: 1–2,high,desalinated seawater (SWRO),high,2406.3867464632235,2053.145892964349,2947.0128792314517,9.625546985852894,8.212583571857396,11.788051516925806
built-up surroundings: 1–2,low,treated wastewater,low,943.6810770444014,805.155252142882,1155.6913251888045,0.2831043231133204,0.24154657564286458,0.3467073975566414
built-up surroundings: 1–2,low,treated wastewater,central,943.6810770444014,805.155252142882,1155.6913251888045,0.5662086462266408,0.48309315128572916,0.6934147951132827
built-up surroundings: 1–2,low,treated wastewater,high,943.6810770444014,805.155252142882,1155.6913251888045,0.8776234016512933,0.7487943844928803,1.0747929324255883
built-up surroundings: 1–2,central,treated wastewater,low,1358.9007509439382,1159.4235630857502,1664.1955082718787,0.4076702252831814,0.347827068925725,0.49925865248156354
built-up surroundings: 1–2,central,treated wastewater,central,1358.9007509439382,1159.4235630857502,1664.1955082718787,0.8153404505663628,0.69565413785145,0.9985173049631271
built-up surroundings: 1–2,central,treated wastewater,high,1358.9007509439382,1159.4235630857502,1664.1955082718787,1.2637776983778626,1.0782639136697478,1.5477018226928472
built-up surroundings: 1–2,high,treated wastewater,low,2406.3867464632235,2053.145892964349,2947.0128792314517,0.721916023938967,0.6159437678893047,0.8841038637694355
built-up surroundings: 1–2,high,treated wastewater,central,2406.3867464632235,2053.145892964349,2947.0128792314517,1.443832047877934,1.2318875357786094,1.768207727538871
built-up surroundings: 1–2,high,treated wastewater,high,2406.3867464632235,2053.145892964349,2947.0128792314517,2.2379396742107978,1.9094256804568448,2.7407219776852503
built-up surroundings: 3–4,low,desalinated seawater (SWRO),low,1652.334962972483,1385.3333274290208,2084.53673033813,4.1308374074312075,3.463333318572552,5.211341825845325
built-up surroundings: 3–4,low,desalinated seawater (SWRO),central,1652.334962972483,1385.3333274290208,2084.53673033813,5.37008862966057,4.502333314144317,6.774744373598922
built-up surroundings: 3–4,low,desalinated seawater (SWRO),high,1652.334962972483,1385.3333274290208,2084.53673033813,6.609339851889932,5.541333309716083,8.33814692135252
built-up surroundings: 3–4,central,desalinated seawater (SWRO),low,2379.3623466803756,1994.87999149779,3001.732891686907,5.94840586670094,4.987199978744474,7.504332229217267
built-up surroundings: 3–4,central,desalinated seawater (SWRO),central,2379.3623466803756,1994.87999149779,3001.732891686907,7.732927626711221,6.4833599723678175,9.755631897982449
built-up surroundings: 3–4,central,desalinated seawater (SWRO),high,2379.3623466803756,1994.87999149779,3001.732891686907,9.517449386721502,7.97951996599116,12.006931566747628
built-up surroundings: 3–4,high,desalinated seawater (SWRO),low,4213.454155579831,3532.599984944003,5315.5686623622305,10.533635388949579,8.83149996236001,13.288921655905577
built-up surroundings: 3–4,high,desalinated seawater (SWRO),central,4213.454155579831,3532.599984944003,5315.5686623622305,13.693726005634453,11.48094995106801,17.275598152677247
built-up surroundings: 3–4,high,desalinated seawater (SWRO),high,4213.454155579831,3532.599984944003,5315.5686623622305,16.853816622319325,14.130399939776012,21.262274649448923
built-up surroundings: 3–4,low,treated wastewater,low,1652.334962972483,1385.3333274290208,2084.53673033813,0.4957004888917449,0.41559999822870625,0.6253610191014389
built-up surroundings: 3–4,low,treated wastewater,central,1652.334962972483,1385.3333274290208,2084.53673033813,0.9914009777834898,0.8311999964574125,1.2507220382028779
built-up surroundings: 3–4,low,treated wastewater,high,1652.334962972483,1385.3333274290208,2084.53673033813,1.5366715155644093,1.2883599945089892,1.938619159214461
built-up surroundings: 3–4,central,treated wastewater,low,2379.3623466803756,1994.87999149779,3001.732891686907,0.7138087040041127,0.598463997449337,0.900519867506072
built-up surroundings: 3–4,central,treated wastewater,central,2379.3623466803756,1994.87999149779,3001.732891686907,1.4276174080082253,1.196927994898674,1.801039735012144
built-up surroundings: 3–4,central,treated wastewater,high,2379.3623466803756,1994.87999149779,3001.732891686907,2.2128069824127494,1.8552383920929447,2.7916115892688236
built-up surroundings: 3–4,high,treated wastewater,low,4213.454155579831,3532.599984944003,5315.5686623622305,1.2640362466739494,1.059779995483201,1.5946705987086691
built-up surroundings: 3–4,high,treated wastewater,central,4213.454155579831,3532.599984944003,5315.5686623622305,2.528072493347899,2.119559990966402,3.1893411974173382
built-up surroundings: 3–4,high,treated wastewater,high,4213.454155579831,3532.599984944003,5315.5686623622305,3.9185123646892435,3.2853179859979234,4.943478855996875
built-up surroundings: 5–8,low,desalinated seawater (SWRO),low,1947.2216552838267,1598.916942458507,2378.175682403336,4.868054138209567,3.9972923561462674,5.94543920600834
built-up surroundings: 5–8,low,desalinated seawater (SWRO),central,1947.2216552838267,1598.916942458507,2378.175682403336,6.328470379672437,5.1964800629901475,7.729070967810841
built-up surroundings: 5–8,low,desalinated seawater (SWRO),high,1947.2216552838267,1598.916942458507,2378.175682403336,7.788886621135307,6.395667769834028,9.512702729613343
built-up surroundings: 5–8,central,desalinated seawater (SWRO),low,2803.9991836087106,2302.4403971402503,3424.572982660804,7.009997959021776,5.756100992850626,8.56143245665201
built-up surroundings: 5–8,central,desalinated seawater (SWRO),central,2803.9991836087106,2302.4403971402503,3424.572982660804,9.112997346728308,7.482931290705814,11.129862193647613
built-up surroundings: 5–8,central,desalinated seawater (SWRO),high,2803.9991836087106,2302.4403971402503,3424.572982660804,11.215996734434842,9.209761588561001,13.698291930643215
built-up surroundings: 5–8,high,desalinated seawater (SWRO),low,4965.415220973759,4077.238203269193,6064.347990128506,12.413538052434397,10.193095508172982,15.160869975321265
built-up surroundings: 5–8,high,desalinated seawater (SWRO),central,4965.415220973759,4077.238203269193,6064.347990128506,16.137599468164716,13.251024160624878,19.709130967917645
built-up surroundings: 5–8,high,desalinated seawater (SWRO),high,4965.415220973759,4077.238203269193,6064.347990128506,19.861660883895034,16.308952813076772,24.257391960514024
built-up surroundings: 5–8,low,treated wastewater,low,1947.2216552838267,1598.916942458507,2378.175682403336,0.5841664965851481,0.4796750827375521,0.7134527047210008
built-up surroundings: 5–8,low,treated wastewater,central,1947.2216552838267,1598.916942458507,2378.175682403336,1.1683329931702962,0.9593501654751042,1.4269054094420015
built-up surroundings: 5–8,low,treated wastewater,high,1947.2216552838267,1598.916942458507,2378.175682403336,1.810916139413959,1.4869927564864118,2.2117033846351024
built-up surroundings: 5–8,central,treated wastewater,low,2803.9991836087106,2302.4403971402503,3424.572982660804,0.8411997550826131,0.690732119142075,1.027371894798241
built-up surroundings: 5–8,central,treated wastewater,central,2803.9991836087106,2302.4403971402503,3424.572982660804,1.6823995101652263,1.38146423828415,2.054743789596482
built-up surroundings: 5–8,central,treated wastewater,high,2803.9991836087106,2302.4403971402503,3424.572982660804,2.607719240756101,2.141269569340433,3.1848528738745476
built-up surroundings: 5–8,high,treated wastewater,low,4965.415220973759,4077.238203269193,6064.347990128506,1.4896245662921277,1.223171460980758,1.8193043970385518
built-up surroundings: 5–8,high,treated wastewater,central,4965.415220973759,4077.238203269193,6064.347990128506,2.9792491325842554,2.446342921961516,3.6386087940771037
built-up surroundings: 5–8,high,treated wastewater,high,4965.415220973759,4077.238203269193,6064.347990128506,4.617836155505596,3.79183152904035,5.639843630819511
