setting,specification,estimand,estimate_C,lo_C,hi_C,n_retained,n_controls,per_pixel_C,n_valid,inference,n_draws,max_control_ps,control_weight_ess,max_control_weight_share,smd_coast_km,smd_d_nb_built,smd_elev,smd_emis_pre,smd_ghsl_2015,smd_ghsl_nb_2015,smd_lat,smd_lon,smd_lst_pre,smd_ndbi_pre,smd_ndvi_pre
outside the built-up area,main,mean cell ATT,-4.380584579427661,-5.34390927124549,-2.7408718470124405,744,5056,-1.095650063427269,2000,full spatial resampling,,,,,-0.00018385540592656186,0.27383240429719213,-0.2096203233786984,-0.19312704520973226,-0.09462100422862076,-0.8282269318769546,-0.07799099580556992,-0.031199490300295795,0.4431417964753544,-0.09511929974574121,0.4945852412528927
outside the built-up area,baseline-only strata,mean cell ATT,-5.344431708466041,-6.53086273995574,-3.146933406976948,1006,6263,-1.1805706405801224,2000,full spatial resampling,,,,,-0.23517691960304088,1.5108538303315533,-0.28492338617157553,-0.14556287363825324,0.0384901197745207,0.24471230181049392,-0.03984353417750475,-0.2242248344153727,0.19007951339317217,-0.3641719745604467,0.9782305486454257
outside the built-up area,calipers 0.5 SD plus 0.5 km coast,retained-cell ATT,-2.518313293101841,-3.310952120696396,-1.4210336001869859,95,412,-0.7445582357322004,2000,spatial resampling; fixed baseline caliper graph,2000.0,,,,0.0010299998780006093,0.10236109838041675,-0.06115720304486513,0.07614060917205315,-0.029241834059438254,-0.3030332811508172,-0.02741869597912969,0.010342736012711127,0.029273890481612143,0.006474149227303342,0.049375839201613314
outside the built-up area,main on 0.5 SD retained cells,mean cell ATT,-2.516136942480534,-3.30670116918424,-1.4322937439852663,95,3763,-0.7480039428971338,2000,full spatial resampling,,,,,-0.030228385565868092,0.10378628465916505,-0.25625358068097365,-0.01989615377859086,-0.030773586211182327,-0.3793783736295131,-0.045645881531704534,0.03607007781833631,0.3320507103009792,0.0653958448909404,0.21231573457353348
outside the built-up area,calipers 0.2 SD plus 0.5 km coast,retained-cell ATT,-1.590314089115645,-4.039555328525637,-0.09090724416666376,14,49,-0.4462650171475253,1997,spatial resampling; fixed baseline caliper graph,2000.0,,,,-0.005045257503496839,0.3402848863995073,0.006194978389926459,-0.09851816127111913,-0.13478043902940423,-0.20872583171856188,0.03886231199277964,-0.01884761546663689,0.01169488146235854,-0.24614267237646584,0.01799372062443587
outside the built-up area,main on 0.2 SD retained cells,mean cell ATT,-1.3175489415752952,-3.3231909236411776,0.003467529527560829,14,1414,-0.37128057584232105,2000,full spatial resampling,,,,,-0.0749511037967865,0.28597311085121374,-0.17934955488819915,-0.34400662898309736,-0.0025368965434600876,-0.11906609865126207,0.04384653314236352,-0.0631648444395318,0.31690964363728896,0.04496691090197963,-0.06761988214394701
outside the built-up area,DR on main matched population,mean cell ATT,-4.58110722883108,-6.13430601545945,-3.3329344070811957,744,5056,,2000,spatial block influence approximation including nuisance estimation,2000.0,0.9472551222236882,405.79719703430715,0.02548241704784032,-0.054677968781674614,0.7331571980461128,-0.05910554701639965,-0.10321823549284856,-0.140156079584724,-0.10763239697413216,-0.06608944125451877,-0.027722939900692387,0.0450816890653305,0.0005385701048327558,0.08634226014220131
outside the built-up area,outcome regression on main matched population,mean cell ATT,-4.510202629409189,-5.944592877535605,-3.3651914384367076,744,5056,,2000,spatial block influence approximation including nuisance estimation,2000.0,,,,-0.19695652545187925,0.8214672410272505,-0.6734784895117849,-0.6225430769932674,0.05811422195675174,-0.0012392135814113996,-0.4316145228085114,-0.011357007260980536,0.7447595448856653,0.011838628811987776,0.9642443527958524
built-up surroundings,main,mean cell ATT,-1.783478774649336,-2.0837203093131818,-1.4530218967174753,310,2296,-0.7427416652696288,2000,full spatial resampling,,,,,0.02237068314757089,0.21189892603430863,-0.127830684934786,-0.05834919161064153,-0.2204748411879406,-0.117341935289484,0.016480653665973084,0.010269141233132766,0.19366931713820412,-0.025489740097049917,0.933128487797601
built-up surroundings,baseline-only strata,mean cell ATT,-1.9007560440046773,-2.1844861734022203,-1.5210662490306266,313,3004,-0.782840102139666,2000,full spatial resampling,,,,,0.010469192792311195,0.5642171092029115,-0.1631268027291186,-0.05443275304289093,-0.19480426118267608,-0.03979793629007139,0.022631381640243173,-0.0022084115454207116,0.20811579236380306,-0.0013452534173175159,0.9701002887557973
built-up surroundings,calipers 0.5 SD plus 0.5 km coast,retained-cell ATT,-1.4933801650510203,-2.014891582093565,-0.9538020678137175,28,86,-0.7070044320847849,2000,spatial resampling; fixed baseline caliper graph,2000.0,,,,0.012271795408496992,0.11369237578235776,-0.06537499094951411,0.05305555634012452,-0.060240249061260874,-0.07995049909872572,0.07377084020549488,-0.015280445105102446,-0.0418425571836872,0.2651195667226629,-0.025744658517916654
built-up surroundings,main on 0.5 SD retained cells,mean cell ATT,-1.4984547266460937,-2.047237089805083,-0.9269934977919712,28,851,-0.6915415756134791,2000,full spatial resampling,,,,,0.058862892488931194,0.10958136976530737,-0.128047383324366,0.005226581920174141,-0.27027106065926854,-0.2723098304898111,0.08207374211720898,0.01544129743518823,0.12685294985380965,0.3941732061483465,-0.05362750257152648
built-up surroundings,calipers 0.2 SD plus 0.5 km coast,retained-cell ATT,,,,0,0,,0,spatial resampling; fixed baseline caliper graph,2000.0,,,,,,,,,,,,,,
built-up surroundings,main on 0.2 SD retained cells,mean cell ATT,,,,0,0,,0,full spatial resampling,,,,,,,,,,,,,,,
built-up surroundings,DR on main matched population,mean cell ATT,-1.6855316422275137,-2.000995648846796,-1.3326255760611114,310,2296,,2000,spatial block influence approximation including nuisance estimation,2000.0,0.9818217647655054,39.214115190341865,0.15052880390021733,0.15421446530322844,0.23444634884971202,0.1525560758456867,-0.11181989943809788,0.08355424979102222,0.020790036107434746,0.033553570987265524,0.0920710671443008,-0.046779646149509524,0.024330252714994477,-0.35316035928048334
built-up surroundings,outcome regression on main matched population,mean cell ATT,-1.7319247952021106,-1.9973771959529156,-1.4497704622798062,310,2296,,2000,spatial block influence approximation including nuisance estimation,2000.0,,,,-0.00982537287623989,0.445199834581386,-0.14601774114858837,-0.1835193547310942,-0.5773630907162883,-0.3112886808587926,-0.01350580970962436,0.0011167051848252761,0.2953208246660304,0.17701454810709324,1.005793572241404
