stratum,n_isolated,n_nonisolated,n_controls,isolated_mean_d_lst_C,nonisolated_mean_d_lst_C,isolated_minus_nonisolated_C,isolated_mean_baseline_lst_C,nonisolated_mean_baseline_lst_C,isolated_mean_coast_km,nonisolated_mean_coast_km,baseline_lst_tercile_lower_C,baseline_lst_tercile_upper_C
outside the built-up area|392_213|2|0|1|lst0,1,2,54,0.06351400000000496,0.03269924999999674,0.030814750000008218,52.922163499999996,48.59717675,7.761949173667708,6.421052756167071,52.9273145,54.7871875
outside the built-up area|392_213|3|0|0|lst1,2,19,116,0.5524660000000026,-1.801670078947369,2.3541360789473718,53.8097145,54.060391447368424,13.127257481879107,13.951432139179207,52.9273145,54.7871875
outside the built-up area|392_216|3|0|1|lst0,1,10,505,-0.451961500000003,-1.9034314000000017,1.4514698999999986,50.669441500000005,51.5499822,15.061415179686264,17.133578237063894,52.9273145,54.7871875
outside the built-up area|392_216|3|0|1|lst1,1,2,63,1.0986700000000056,-2.7814232499999996,3.880093250000005,53.091935,53.752083,18.50484368046351,16.87657607040604,52.9273145,54.7871875
outside the built-up area|392_217|3|0|1|lst0,1,37,553,-0.09954550000000495,-0.7741805810810802,0.6746350810810753,51.9079045,52.04971732432432,15.776649984862239,16.3156045496875,52.9273145,54.7871875
outside the built-up area|392_217|3|0|1|lst1,1,14,76,-0.5422405000000055,-0.776245142857145,0.2340046428571395,52.927884500000005,53.75928439285715,17.282612355537946,15.863547822191927,52.9273145,54.7871875
outside the built-up area|392_217|3|0|1|lst2,1,6,54,0.6494280000000003,-0.9617779166666658,1.6112059166666661,54.944597,55.30725116666667,14.69044727658792,16.29468979665164,52.9273145,54.7871875
outside the built-up area|393_213|3|0|1|lst1,1,2,101,-1.3496719999999982,-3.768219750000007,2.418547750000009,53.404945,54.5743585,19.230560417410725,23.797094417531255,52.9273145,54.7871875
outside the built-up area|393_215|3|0|1|lst1,1,6,195,-0.12929149999999368,-1.314072000000003,1.1847805000000093,53.316441999999995,53.71306200000001,19.238314100500563,17.483616044713205,52.9273145,54.7871875
outside the built-up area|393_215|3|0|1|lst2,1,1,107,0.5941990000000033,-0.38272750000000144,0.9769265000000047,55.421021499999995,54.962057,19.85181418905536,15.224584256419414,52.9273145,54.7871875
outside the built-up area|393_216|3|0|1|lst1,1,4,260,-0.5237405000000024,-1.400852000000004,0.8771115000000016,53.291101,53.806804500000005,19.613182003082517,21.799359116587134,52.9273145,54.7871875
