setting,dose_class,n_original_classified_in_overlap,n_matched_same_cells,n_blocks_same_cells,old_per_pixel_C,new_per_pixel_C,new_minus_old_C,paired_lo_C,paired_hi_C,n_paired_boot_valid
outside the built-up area,all,965,957,33,-1.17993165533332,-1.1852940223562598,-0.005362367022939907,-0.019041949510000704,0.00472670849265773,2000
outside the built-up area,1–2,386,379,30,-1.9193200651917397,-1.9339640358451382,-0.014643970653398508,-0.05717282254643845,0.03149473243479823,2000
outside the built-up area,3–4,183,182,21,-1.3060218009178963,-1.3098186140939527,-0.0037968131760564017,-0.026147221294134222,0.018165940593675888,2000
outside the built-up area,5–8,240,240,19,-1.0620809822642,-1.0657361068020013,-0.0036551245378013686,-0.017454883860391242,0.004993230768932973,2000
outside the built-up area,9,156,156,9,-1.20447163467725,-1.2108499576005005,-0.006378322923250579,-0.018752862516117345,0.0007807183410224978,2000
built-up surroundings,all,282,277,40,-0.7648032715906857,-0.7707423306114703,-0.0059390590207846206,-0.022534514176028364,0.005414222924398648,2000
built-up surroundings,1–2,218,213,40,-1.1843315091902058,-1.2009819213451014,-0.0166504121548956,-0.04057774275100799,0.001535927287766819,2000
built-up surroundings,3–4,47,47,19,-0.6852668269579019,-0.6844024177232058,0.0008644092346961063,-0.019916336757086615,0.015309588918349736,2000
built-up surroundings,5–8,16,16,9,-0.5784151203620533,-0.5823287142616692,-0.003913593899615875,-0.02137331452158219,0.007038606159189306,1999
built-up surroundings,9,1,1,1,-0.4251145570370359,-0.4367993525925926,-0.011684795555556737,-0.012744815945717802,-0.010207533096927901,1275
