sample_id,lon,lat,target_period,review_status,image_date,land_use_label,confidence,evidence_notes
NEGI-001,39.166061,21.757272,2024–2025,pending,,,,
NEGI-002,39.210966,21.510839,2024–2025,pending,,,,
NEGI-003,39.228337,21.505937,2024–2025,pending,,,,
NEGI-004,39.236263,21.570978,2024–2025,pending,,,,
NEGI-005,39.241777,21.749861,2024–2025,pending,,,,
NEGI-006,39.253931,21.731954,2024–2025,pending,,,,
NEGI-007,39.257366,21.705928,2024–2025,pending,,,,
NEGI-008,39.257524,21.794559,2024–2025,pending,,,,
NEGI-009,39.262709,21.773409,2024–2025,pending,,,,
NEGI-010,39.263206,21.567685,2024–2025,pending,,,,
NEGI-011,39.267071,21.778281,2024–2025,pending,,,,
NEGI-012,39.267934,21.774214,2024–2025,pending,,,,
NEGI-013,39.270947,21.522949,2024–2025,pending,,,,
NEGI-014,39.274409,21.515625,2024–2025,pending,,,,
NEGI-015,39.277038,21.527005,2024–2025,pending,,,,
NEGI-016,39.277093,21.556278,2024–2025,pending,,,,
NEGI-017,39.278311,21.738419,2024–2025,pending,,,,
NEGI-018,39.284424,21.74898,2024–2025,pending,,,,
NEGI-019,39.285282,21.742473,2024–2025,pending,,,,
NEGI-020,39.28852,21.620497,2024–2025,pending,,,,
NEGI-021,39.292004,21.622931,2024–2025,pending,,,,
NEGI-022,39.310875,21.500925,2024–2025,pending,,,,
NEGI-023,39.311151,21.630214,2024–2025,pending,,,,
NEGI-024,39.363636,21.40324,2024–2025,pending,,,,
NEGI-025,39.386808,21.628429,2024–2025,pending,,,,
NEGI-026,39.231633,21.39209,2024–2025,pending,,,,
NEGI-027,39.287062,21.320445,2024–2025,pending,,,,
NEGI-028,39.299202,21.315545,2024–2025,pending,,,,
NEGI-029,39.300943,21.317982,2024–2025,pending,,,,
NEGI-030,39.316555,21.313887,2024–2025,pending,,,,
NEGI-031,39.319149,21.309816,2024–2025,pending,,,,
NEGI-032,39.324363,21.313059,2024–2025,pending,,,,
NEGI-033,39.331333,21.325243,2024–2025,pending,,,,
NEGI-034,39.340885,21.327663,2024–2025,pending,,,,
NEGI-035,39.344368,21.332535,2024–2025,pending,,,,
NEGI-036,39.344371,21.334162,2024–2025,pending,,,,
NEGI-037,39.352204,21.34309,2024–2025,pending,,,,
NEGI-038,39.353064,21.339836,2024–2025,pending,,,,
NEGI-039,39.354798,21.339019,2024–2025,pending,,,,
NEGI-040,39.356561,21.3504,2024–2025,pending,,,,
NEGI-041,39.358297,21.350396,2024–2025,pending,,,,
NEGI-042,39.366081,21.338995,2024–2025,pending,,,,
NEGI-043,39.373043,21.346298,2024–2025,pending,,,,
NEGI-044,39.373045,21.347111,2024–2025,pending,,,,
NEGI-045,39.373076,21.359308,2024–2025,pending,,,,
NEGI-046,39.373917,21.348735,2024–2025,pending,,,,
NEGI-047,39.379991,21.347909,2024–2025,pending,,,,
NEGI-048,39.382608,21.352782,2024–2025,pending,,,,
NEGI-049,39.385239,21.363347,2024–2025,pending,,,,
NEGI-050,39.386112,21.364971,2024–2025,pending,,,,
NEGI-051,39.224853,21.500249,2024–2025,pending,,,,
NEGI-052,39.233896,21.720599,2024–2025,pending,,,,
NEGI-053,39.2339,21.723039,2024–2025,pending,,,,
NEGI-054,39.255696,21.745774,2024–2025,pending,,,,
NEGI-055,39.257429,21.741706,2024–2025,pending,,,,
NEGI-056,39.258326,21.756341,2024–2025,pending,,,,
NEGI-057,39.259978,21.706737,2024–2025,pending,,,,
NEGI-058,39.263336,21.639241,2024–2025,pending,,,,
NEGI-059,39.267074,21.779907,2024–2025,pending,,,,
NEGI-060,39.269683,21.778277,2024–2025,pending,,,,
NEGI-061,39.273552,21.522132,2024–2025,pending,,,,
NEGI-062,39.273943,21.729482,2024–2025,pending,,,,
NEGI-063,39.274424,21.523757,2024–2025,pending,,,,
NEGI-064,39.275298,21.526195,2024–2025,pending,,,,
NEGI-065,39.27575,21.764444,2024–2025,pending,,,,
NEGI-066,39.280088,21.757118,2024–2025,pending,,,,
NEGI-067,39.280959,21.757117,2024–2025,pending,,,,
NEGI-068,39.285044,21.621316,2024–2025,pending,,,,
NEGI-069,39.286154,21.743285,2024–2025,pending,,,,
NEGI-070,39.315512,21.635898,2024–2025,pending,,,,
NEGI-071,39.324761,21.49358,2024–2025,pending,,,,
NEGI-072,39.327359,21.489509,2024–2025,pending,,,,
NEGI-073,39.33433,21.49844,2024–2025,pending,,,,
NEGI-074,39.359003,21.638249,2024–2025,pending,,,,
NEGI-075,39.362766,21.402429,2024–2025,pending,,,,
NEGI-076,39.259339,21.347325,2024–2025,pending,,,,
NEGI-077,39.267143,21.343247,2024–2025,pending,,,,
NEGI-078,39.270612,21.341615,2024–2025,pending,,,,
NEGI-079,39.275806,21.334288,2024–2025,pending,,,,
NEGI-080,39.292281,21.326129,2024–2025,pending,,,,
NEGI-081,39.304424,21.322854,2024–2025,pending,,,,
NEGI-082,39.308765,21.32366,2024–2025,pending,,,,
NEGI-083,39.311363,21.321215,2024–2025,pending,,,,
NEGI-084,39.314812,21.310638,2024–2025,pending,,,,
NEGI-085,39.317414,21.30982,2024–2025,pending,,,,
NEGI-086,39.318304,21.320389,2024–2025,pending,,,,
NEGI-087,39.324372,21.317125,2024–2025,pending,,,,
NEGI-088,39.330454,21.320366,2024–2025,pending,,,,
NEGI-089,39.338281,21.327669,2024–2025,pending,,,,
NEGI-090,39.344377,21.336601,2024–2025,pending,,,,
NEGI-091,39.351336,21.343092,2024–2025,pending,,,,
NEGI-092,39.35306,21.338209,2024–2025,pending,,,,
NEGI-093,39.354796,21.338206,2024–2025,pending,,,,
NEGI-094,39.355672,21.341457,2024–2025,pending,,,,
NEGI-095,39.357408,21.341453,2024–2025,pending,,,,
NEGI-096,39.360905,21.352017,2024–2025,pending,,,,
NEGI-097,39.364359,21.344691,2024–2025,pending,,,,
NEGI-098,39.373919,21.349549,2024–2025,pending,,,,
NEGI-099,39.375649,21.347105,2024–2025,pending,,,,
NEGI-100,39.377393,21.350354,2024–2025,pending,,,,
NEGI-101,39.174986,21.214886,2024–2025,pending,,,,
NEGI-102,39.23303,21.72304,2024–2025,pending,,,,
NEGI-103,39.255692,21.743335,2024–2025,pending,,,,
NEGI-104,39.256388,21.644944,2024–2025,pending,,,,
NEGI-105,39.256652,21.793747,2024–2025,pending,,,,
NEGI-106,39.257442,21.749024,2024–2025,pending,,,,
NEGI-107,39.257444,21.749837,2024–2025,pending,,,,
NEGI-108,39.263334,21.638428,2024–2025,pending,,,,
NEGI-109,39.267063,21.774216,2024–2025,pending,,,,
NEGI-110,39.268812,21.778278,2024–2025,pending,,,,
NEGI-111,39.269678,21.775838,2024–2025,pending,,,,
NEGI-112,39.270549,21.775836,2024–2025,pending,,,,
NEGI-113,39.271816,21.522948,2024–2025,pending,,,,
NEGI-114,39.272685,21.522946,2024–2025,pending,,,,
NEGI-115,39.274427,21.525383,2024–2025,pending,,,,
NEGI-116,39.274815,21.730294,2024–2025,pending,,,,
NEGI-117,39.278771,21.524563,2024–2025,pending,,,,
NEGI-118,39.280514,21.526999,2024–2025,pending,,,,
NEGI-119,39.281694,21.687999,2024–2025,pending,,,,
NEGI-120,39.28225,21.526183,2024–2025,pending,,,,
NEGI-121,39.285045,21.62213,2024–2025,pending,,,,
NEGI-122,39.287643,21.616433,2024–2025,pending,,,,
NEGI-123,39.288284,21.500965,2024–2025,pending,,,,
NEGI-124,39.31464,21.635086,2024–2025,pending,,,,
NEGI-125,39.33259,21.49763,2024–2025,pending,,,,
NEGI-126,39.275808,21.335101,2024–2025,pending,,,,
NEGI-127,39.279273,21.331843,2024–2025,pending,,,,
NEGI-128,39.281001,21.327774,2024–2025,pending,,,,
NEGI-129,39.30267,21.313913,2024–2025,pending,,,,
NEGI-130,39.305283,21.318787,2024–2025,pending,,,,
NEGI-131,39.313939,21.3082,2024–2025,pending,,,,
NEGI-132,39.314829,21.318769,2024–2025,pending,,,,
NEGI-133,39.314836,21.322022,2024–2025,pending,,,,
NEGI-134,39.315675,21.308197,2024–2025,pending,,,,
NEGI-135,39.315694,21.317141,2024–2025,pending,,,,
NEGI-136,39.320022,21.312254,2024–2025,pending,,,,
NEGI-137,39.320042,21.321199,2024–2025,pending,,,,
NEGI-138,39.321772,21.318756,2024–2025,pending,,,,
NEGI-139,39.323502,21.316313,2024–2025,pending,,,,
NEGI-140,39.326111,21.318748,2024–2025,pending,,,,
NEGI-141,39.328707,21.31549,2024–2025,pending,,,,
NEGI-142,39.329581,21.317928,2024–2025,pending,,,,
NEGI-143,39.329582,21.318741,2024–2025,pending,,,,
NEGI-144,39.329586,21.320367,2024–2025,pending,,,,
NEGI-145,39.340896,21.332542,2024–2025,pending,,,,
NEGI-146,39.346111,21.335784,2024–2025,pending,,,,
NEGI-147,39.346979,21.335783,2024–2025,pending,,,,
NEGI-148,39.346981,21.336596,2024–2025,pending,,,,
NEGI-149,39.347851,21.337407,2024–2025,pending,,,,
NEGI-150,39.356559,21.349586,2024–2025,pending,,,,
NEGI-151,39.164319,21.756461,2024–2025,pending,,,,
NEGI-152,39.256562,21.743333,2024–2025,pending,,,,
NEGI-153,39.272689,21.525386,2024–2025,pending,,,,
NEGI-154,39.273554,21.522945,2024–2025,pending,,,,
NEGI-155,39.273558,21.525384,2024–2025,pending,,,,
NEGI-156,39.274423,21.522944,2024–2025,pending,,,,
NEGI-157,39.275292,21.522942,2024–2025,pending,,,,
NEGI-158,39.276161,21.522941,2024–2025,pending,,,,
NEGI-159,39.276162,21.523754,2024–2025,pending,,,,
NEGI-160,39.276164,21.524567,2024–2025,pending,,,,
NEGI-161,39.277031,21.523752,2024–2025,pending,,,,
NEGI-162,39.277033,21.524566,2024–2025,pending,,,,
NEGI-163,39.277035,21.525379,2024–2025,pending,,,,
NEGI-164,39.277036,21.526192,2024–2025,pending,,,,
NEGI-165,39.277901,21.523751,2024–2025,pending,,,,
NEGI-166,39.277902,21.524564,2024–2025,pending,,,,
NEGI-167,39.277904,21.525377,2024–2025,pending,,,,
NEGI-168,39.277905,21.52619,2024–2025,pending,,,,
NEGI-169,39.278773,21.525376,2024–2025,pending,,,,
NEGI-170,39.278774,21.526189,2024–2025,pending,,,,
NEGI-171,39.279642,21.525374,2024–2025,pending,,,,
NEGI-172,39.279643,21.526188,2024–2025,pending,,,,
NEGI-173,39.281828,21.756302,2024–2025,pending,,,,
NEGI-174,39.285298,21.750604,2024–2025,pending,,,,
NEGI-175,39.304173,21.620469,2024–2025,pending,,,,
NEGI-176,39.299214,21.321237,2024–2025,pending,,,,
NEGI-177,39.307887,21.318782,2024–2025,pending,,,,
NEGI-178,39.310495,21.321217,2024–2025,pending,,,,
NEGI-179,39.31136,21.319589,2024–2025,pending,,,,
NEGI-180,39.313096,21.319586,2024–2025,pending,,,,
NEGI-181,39.313958,21.317145,2024–2025,pending,,,,
NEGI-182,39.31396,21.317958,2024–2025,pending,,,,
NEGI-183,39.314833,21.320396,2024–2025,pending,,,,
NEGI-184,39.315697,21.318768,2024–2025,pending,,,,
NEGI-185,39.315701,21.320394,2024–2025,pending,,,,
NEGI-186,39.317431,21.317951,2024–2025,pending,,,,
NEGI-187,39.318283,21.310631,2024–2025,pending,,,,
NEGI-188,39.325247,21.320376,2024–2025,pending,,,,
NEGI-189,39.326118,21.322001,2024–2025,pending,,,,
NEGI-190,39.326983,21.320373,2024–2025,pending,,,,
NEGI-191,39.327841,21.316305,2024–2025,pending,,,,
NEGI-192,39.327843,21.317118,2024–2025,pending,,,,
NEGI-193,39.328715,21.318743,2024–2025,pending,,,,
NEGI-194,39.32961,21.330939,2024–2025,pending,,,,
NEGI-195,39.343502,21.33335,2024–2025,pending,,,,
NEGI-196,39.343509,21.336603,2024–2025,pending,,,,
NEGI-197,39.35219,21.337398,2024–2025,pending,,,,
NEGI-198,39.355691,21.349588,2024–2025,pending,,,,
NEGI-199,39.360033,21.350392,2024–2025,pending,,,,
NEGI-200,39.385237,21.362534,2024–2025,pending,,,,
