radius_m,subgroup,isolated_cells,nonisolated_cells,isolated_blocks,nonisolated_blocks,status,isolated_slope_C,isolated_lo_C,isolated_hi_C,nonisolated_slope_C,nonisolated_lo_C,nonisolated_hi_C,nonisolated_minus_isolated_C,difference_lo_C,difference_hi_C,valid_paired_draws
90,exactly one,63,211,24,21,estimate,-1.3520446211571242,-1.739634227625986,-0.943895614469233,-2.956911504626486,-3.3897419641340556,-2.3000521118995536,-1.604866883469362,-2.1442072718066316,-0.894110236354671,2000
90,exactly two,13,132,8,25,diagnostic_only_under_20_cells,-0.8735111660467715,,,-1.6850323526856603,,,-0.8115211866388888,,,2000
90,southern belt,30,176,6,7,estimate,-1.0705802245430611,-1.4265587544304965,-0.7479114538159249,-2.4819655467819266,-2.770983134986118,-1.7195049071774917,-1.4113853222388655,-1.6226799723589203,-0.6938765670937468,1998
90,outside belt,46,167,18,19,estimate,-1.1875281299317941,-1.5186425485904147,-0.82144390194722,-1.5814960822380313,-1.8837866690868137,-1.2618367476206254,-0.39396795230623716,-0.8471173641703365,0.01862930967674479,2000
180,exactly one,31,243,17,23,estimate,-1.115941427697737,-1.764456872545999,-0.4815221579206199,-2.7756911701664926,-3.225202666980874,-2.157275610241153,-1.6597497424687555,-2.4758220823737083,-0.7639363456443727,2000
180,exactly two,7,138,6,25,diagnostic_only_under_20_cells,-0.617718891805262,,,-1.6627237932643357,,,-1.0450049014590737,,,1997
180,southern belt,13,193,5,7,diagnostic_only_under_20_cells,-0.6551432018810024,,,-2.4048039937567767,,,-1.7496607918757743,,,1992
180,outside belt,25,188,13,20,estimate,-1.0128962915620305,-1.5045141843521659,-0.5144719256198003,-1.5705933232495535,-1.8692554416389473,-1.2739777259825533,-0.5576970316875229,-1.1430987339479344,-0.06450994348319276,2000
300,exactly one,22,252,16,24,estimate,-1.1189708589538518,-1.832491756922101,-0.40178178814619975,-2.7161499194924708,-3.1764289113632254,-2.126851887012113,-1.597179060538619,-2.506135179968187,-0.687593139470259,2000
300,exactly two,4,141,4,25,diagnostic_only_under_20_cells,-0.578252438070396,,,-1.6416092621335716,,,-1.0633568240631757,,,1970
300,southern belt,7,199,4,7,diagnostic_only_under_20_cells,-0.46237543370852674,,,-2.373352767769508,,,-1.9109773340609815,,,1969
300,outside belt,19,194,12,21,diagnostic_only_under_20_cells,-1.1143406907160092,,,-1.5472300970239843,,,-0.4328894063079751,,,2000
