setting,specification,dose_class,n_deleted_blocks,n_valid_deletions,base_per_pixel_C,deletion_min_C,deletion_max_C,jackknife_se_C,jackknife_95_lo_C,jackknife_95_hi_C,leverage_equivalent_blocks,largest_block_dose_squared_share,note
outside the built-up area,pre-treatment-only strata,all,34,34,-1.1805706405801224,-1.1956970270867837,-1.0416156162545316,0.13978562650656073,-1.4649666360712599,-0.8961746450889849,2.9419278699891094,0.5566428735896846,exploratory cluster jackknife; unequal blocks and rematching limit interval interpretation
outside the built-up area,pre-treatment-only strata,1–2,32,32,-1.9253007042875272,-2.008190439709451,-1.6967852736845324,0.2567049207631032,-2.448853841940001,-1.4017475666350536,,,exploratory cluster jackknife; unequal blocks and rematching limit interval interpretation
outside the built-up area,pre-treatment-only strata,3–4,21,21,-1.3065085877747702,-1.3559664726282599,-1.1915909723059517,0.14126875915907527,-1.601190055621206,-1.0118271199283344,,,exploratory cluster jackknife; unequal blocks and rematching limit interval interpretation
outside the built-up area,pre-treatment-only strata,5–8,19,19,-1.0618553447301315,-1.0805679818404896,-0.917930411465867,0.14300893902802292,-1.3623059766855916,-0.7614047127746715,,,exploratory cluster jackknife; unequal blocks and rematching limit interval interpretation
outside the built-up area,pre-treatment-only strata,9,9,9,-1.2034440356646974,-1.2213685071973008,-1.0283490210445927,0.16266628804524205,-1.5785531685553376,-0.8283349027740572,,,exploratory cluster jackknife; unequal blocks and rematching limit interval interpretation
outside the built-up area,concurrent-change strata,all,34,34,-1.095650063427269,-1.1157073405049571,-1.0067971031908702,0.09491754888310966,-1.288761268626351,-0.902538858228187,4.398326544715566,0.39993455497382197,exploratory cluster jackknife; unequal blocks and rematching limit interval interpretation
outside the built-up area,concurrent-change strata,1–2,32,32,-1.6958452641490867,-1.767440202502947,-1.5854638390578633,0.1533350938885973,-2.0085742499393366,-1.3831162783588367,,,exploratory cluster jackknife; unequal blocks and rematching limit interval interpretation
outside the built-up area,concurrent-change strata,3–4,21,21,-1.1899313933178284,-1.2306710209089713,-1.1105257521901448,0.10890978023786384,-1.4171132139437705,-0.9627495726918862,,,exploratory cluster jackknife; unequal blocks and rematching limit interval interpretation
outside the built-up area,concurrent-change strata,5–8,19,19,-0.9925916353331623,-1.016499226870358,-0.8759372977790065,0.11819183303817397,-1.240903462339551,-0.7442798083267737,,,exploratory cluster jackknife; unequal blocks and rematching limit interval interpretation
outside the built-up area,concurrent-change strata,9,9,9,-1.1143442708360054,-1.1434507477815945,-1.019298036804759,0.09580960677814883,-1.3352816202587017,-0.8934069214133091,,,exploratory cluster jackknife; unequal blocks and rematching limit interval interpretation
built-up surroundings,pre-treatment-only strata,all,41,41,-0.782840102139666,-0.8124280717253695,-0.7453970072162788,0.06957373532682155,-0.9234538664203873,-0.6422263378589448,14.403436776149226,0.14110787172011663,exploratory cluster jackknife; unequal blocks and rematching limit interval interpretation
built-up surroundings,pre-treatment-only strata,1–2,41,41,-1.2070811223354783,-1.2500848341079558,-1.1340938311871651,0.12516746355903738,-1.460054002601706,-0.9541082420692506,,,exploratory cluster jackknife; unequal blocks and rematching limit interval interpretation
built-up surroundings,pre-treatment-only strata,3–4,19,19,-0.6985710797260072,-0.7487247587622695,-0.6735386685258863,0.07147116747883286,-0.8487264307240456,-0.5484157287279687,,,exploratory cluster jackknife; unequal blocks and rematching limit interval interpretation
built-up surroundings,pre-treatment-only strata,5–8,9,9,-0.5783945165070917,-0.6123678823084675,-0.544794218020661,0.058980198187571865,-0.7144030974227937,-0.4423859355913897,,,exploratory cluster jackknife; unequal blocks and rematching limit interval interpretation
built-up surroundings,concurrent-change strata,all,40,40,-0.7427416652696288,-0.7827477918374638,-0.7085786608370649,0.07466102261212038,-0.8937578377878239,-0.5917254927514337,14.314748104473296,0.14160327677004095,exploratory cluster jackknife; unequal blocks and rematching limit interval interpretation
built-up surroundings,concurrent-change strata,1–2,40,40,-1.1172532649202513,-1.1644419836434785,-1.0472319502606424,0.1274788879489624,-1.375103654071001,-0.8594028757695015,,,exploratory cluster jackknife; unequal blocks and rematching limit interval interpretation
built-up surroundings,concurrent-change strata,3–4,19,19,-0.6655019692594494,-0.7166972632969687,-0.6435562964158595,0.07209449215141203,-0.8169668768003355,-0.5140370617185632,,,exploratory cluster jackknife; unequal blocks and rematching limit interval interpretation
built-up surroundings,concurrent-change strata,5–8,9,9,-0.5724518055194276,-0.6212007584049671,-0.534502774244084,0.06746516768547885,-0.7280267611843844,-0.41687684985447093,,,exploratory cluster jackknife; unequal blocks and rematching limit interval interpretation
