excluded_region,n_treated_removed,n_treated_matched_removed,n_controls_removed,removed_dose_squared_share,main_estimate_C,change_from_main_C,estimate_C,lo_C,hi_C,n_treated,n_treated_matched,n_controls_matched,n_strata,n_boot_requested,n_boot_valid,n_boot_missing,setting
390_217,4,4,169,0.0025523560209424084,-1.095650063427269,-0.002248958146742863,-1.0978990215740119,-1.1752933535870613,-0.8631459702700233,1010,740,4985,47,2000,2000,0,outside the built-up area
391_212,9,8,476,0.004581151832460733,-1.095650063427269,-0.0023670398266137926,-1.0980171032538828,-1.1755801267979302,-0.8626222033614043,1005,736,4800,43,2000,2000,0,outside the built-up area
391_213,1,1,355,0.0002617801047120419,-1.095650063427269,-0.00010902672070756125,-1.0957590901479766,-1.1730846893568043,-0.8596036768584937,1013,743,5012,47,2000,2000,0,outside the built-up area
391_216,2,2,341,0.0003272251308900524,-1.095650063427269,-0.0002428425252254396,-1.0958929059524944,-1.1730145542654256,-0.8600427680799395,1012,742,4968,47,2000,2000,0,outside the built-up area
391_217,9,9,565,0.012238219895287958,-1.095650063427269,-0.011472667446362106,-1.1071227308736311,-1.1801247434709248,-0.8843088548091704,1005,735,4881,45,2000,2000,0,outside the built-up area
392_213,134,130,425,0.19528795811518324,-1.095650063427269,-0.01843328800828914,-1.1140833514355581,-1.1868308452680276,-0.8154951505062658,880,614,4713,41,2000,2000,0,outside the built-up area
392_214,2,2,96,0.0003272251308900524,-1.095650063427269,0.00011831032948372844,-1.0955317530977853,-1.1728474911335778,-0.8587285572755637,1012,742,5041,47,2000,2000,0,outside the built-up area
392_215,88,84,174,0.16099476439790575,-1.095650063427269,0.013042166997065952,-1.082607896430203,-1.1716415333451569,-0.8203520396666768,926,660,4891,43,2000,2000,0,outside the built-up area
392_216,34,34,623,0.0281413612565445,-1.095650063427269,-0.0010689474765148699,-1.0967190109037839,-1.1752075368460428,-0.8440006890984914,980,710,4440,44,2000,2000,0,outside the built-up area
392_217,159,159,763,0.10693717277486911,-1.095650063427269,-0.03352410422339669,-1.1291741676506657,-1.1928169131019524,-0.884032465585095,855,585,4369,44,2000,2000,0,outside the built-up area
393_213,504,250,885,0.4556937172774869,-1.095650063427269,0.10417055817140497,-0.991479505255864,-1.1113048352405495,-0.7314607135157232,510,494,4502,44,2000,2000,0,outside the built-up area
393_214,16,16,259,0.007853403141361256,-1.095650063427269,-0.001600204461456034,-1.097250267888725,-1.1754048856664177,-0.8586226087407471,998,728,4821,43,2000,2000,0,outside the built-up area
393_215,18,17,869,0.004253926701570681,-1.095650063427269,0.0005138074155381922,-1.0951362560117308,-1.1728771475054875,-0.8548593537179825,996,727,4259,45,2000,2000,0,outside the built-up area
393_216,32,26,1116,0.020418848167539267,-1.095650063427269,-0.0047459835459746635,-1.1003960469732437,-1.1783606225766095,-0.8591587644444142,982,718,4049,45,2000,2000,0,outside the built-up area
393_217,2,2,1329,0.00013089005235602096,-1.095650063427269,5.861579001265049e-05,-1.0955914476372564,-1.173009999191152,-0.8596006038506665,1012,742,5053,47,2000,2000,0,outside the built-up area
390_216,1,0,1,0.0,-0.7427416652696288,0.0,-0.7427416652696288,-0.8874043190161617,-0.6257902606350839,318,310,2296,67,2000,2000,0,built-up surroundings
390_217,1,1,100,0.0005851375073142189,-0.7427416652696288,-0.0010974938028510683,-0.7438391590724799,-0.8881812776459617,-0.6280094935338987,318,309,2268,66,2000,2000,0,built-up surroundings
391_212,2,0,152,0.0,-0.7427416652696288,0.0,-0.7427416652696288,-0.8874043190161617,-0.6257902606350839,317,310,2296,67,2000,2000,0,built-up surroundings
391_213,5,4,87,0.004095962551199532,-0.7427416652696288,-0.0049813698812218865,-0.7477230351508507,-0.8930717625212367,-0.6316789143468062,314,306,2265,64,2000,2000,0,built-up surroundings
391_214,2,2,218,0.002925687536571094,-0.7427416652696288,0.0035183482207138406,-0.739223317048915,-0.8850472276535996,-0.6243736517784614,317,308,2269,65,2000,2000,0,built-up surroundings
391_215,18,18,131,0.04564072557050907,-0.7427416652696288,0.004723397645714056,-0.7380182676239148,-0.8902747589971186,-0.6175518354962515,301,292,2218,62,2000,2000,0,built-up surroundings
391_216,27,26,248,0.03861907548273844,-0.7427416652696288,0.009335913578490618,-0.7334057516911382,-0.8834708720478369,-0.6132565909082308,292,284,2109,60,2000,2000,0,built-up surroundings
391_217,11,11,215,0.05032182562902282,-0.7427416652696288,-0.018207382685173523,-0.7609490479548023,-0.9112596314988605,-0.6444547477513558,308,299,2156,61,2000,2000,0,built-up surroundings
392_213,30,30,352,0.0778232884727911,-0.7427416652696288,-0.02832378962412352,-0.7710654548937523,-0.9218727749883392,-0.661083015642917,289,280,2132,60,2000,2000,0,built-up surroundings
392_214,36,36,639,0.16617905207723815,-0.7427416652696288,-0.028696675375989633,-0.7714383406456184,-0.9155733951024024,-0.637254987303884,283,274,1931,59,2000,2000,0,built-up surroundings
392_215,54,53,278,0.2328847279110591,-0.7427416652696288,-0.00013022082640423704,-0.742871886096033,-0.8966645827447164,-0.6027866911835228,265,257,2072,60,2000,2000,0,built-up surroundings
392_216,25,25,329,0.04564072557050907,-0.7427416652696288,0.008693620925184997,-0.7340480443444438,-0.8852799718724463,-0.6140336065349012,294,285,1996,62,2000,2000,0,built-up surroundings
392_217,23,22,114,0.04330017554125219,-0.7427416652696288,0.006365762563851907,-0.7363759027057769,-0.885557468238289,-0.6124723972488704,296,288,2201,63,2000,2000,0,built-up surroundings
393_213,9,9,51,0.02984201287302516,-0.7427416652696288,0.000906556253148616,-0.7418351090164802,-0.8917086393671866,-0.6231616962874185,310,301,2246,63,2000,2000,0,built-up surroundings
393_214,47,47,539,0.17495611468695144,-0.7427416652696288,0.010397087227807189,-0.7323445780418216,-0.909567070816641,-0.6071029312403659,272,263,1811,62,2000,2000,0,built-up surroundings
393_215,26,26,178,0.0871854885898186,-0.7427416652696288,0.03578003442015798,-0.7069616308494708,-0.8544179692114119,-0.6007933083520094,293,284,2174,64,2000,2000,0,built-up surroundings
393_216,2,0,0,0.0,-0.7427416652696288,0.0,-0.7427416652696288,-0.8874043190161617,-0.6257902606350839,317,310,2296,67,2000,2000,0,built-up surroundings
