variant,estimate_C,lo_C,hi_C,n_treated,n_treated_matched,n_controls_matched,n_strata,n_boot_requested,n_boot_valid,n_boot_missing,setting
main (as above),-1.095650063427269,-1.173009999191152,-0.8596006038506665,1014,744,5056,48,2000,2000,0,outside the built-up area
controls whatever happened to their own surface,-1.0937699998647346,-1.1711772986503814,-0.8512474301588638,1014,744,5093,48,2000,2000,0,outside the built-up area
controls more than 600 m from any greening,-1.1065510028003918,-1.2560521028369465,-0.8441139755988422,1014,722,4354,44,2000,2000,0,outside the built-up area
strata: region and coastal band only,-1.1659669350281685,-1.2359018692654147,-0.9205016252001312,1014,1014,8176,20,2000,2000,0,outside the built-up area
baseline-only strata: omit neighbourhood built-up change,-1.1805706405801224,-1.2519858900832441,-0.9252715933911743,1014,1006,6263,31,2000,2000,0,outside the built-up area
regions of 0.05° instead of 0.10°,-1.0631292634382261,-1.16033388705669,-0.8193750764163656,1014,686,3037,58,2000,2000,0,outside the built-up area
without the region holding most greened cells (504 of 1014),-0.991479505255864,-1.1113048352405495,-0.7314607135157232,510,494,4502,44,2000,2000,0,outside the built-up area
without southern latitude belt (exploratory proxy),-0.9759155295980093,-1.1349006141974802,-0.7020396056131298,375,363,4115,36,2000,2000,0,outside the built-up area
bootstrap blocks of 0.10° instead of 0.05°,-1.095650063427269,-1.1856901764309775,-0.8321162675736696,1014,744,5056,48,2000,2000,0,outside the built-up area
main (as above),-0.7427416652696288,-0.8874043190161617,-0.6257902606350839,319,310,2296,67,2000,2000,0,built-up surroundings
controls whatever happened to their own surface,-0.6840328260654549,-0.818979202787306,-0.5674169716063889,319,312,3762,68,2000,2000,0,built-up surroundings
controls more than 600 m from any greening,-0.7415095849573011,-0.9022851095171918,-0.6316372108987492,319,301,1738,65,2000,2000,0,built-up surroundings
strata: region and coastal band only,-0.7877994890519079,-0.9192077844409328,-0.6720146556375415,319,316,3464,29,2000,2000,0,built-up surroundings
baseline-only strata: omit neighbourhood built-up change,-0.782840102139666,-0.9159784976492266,-0.6590442865416002,319,313,3004,47,2000,2000,0,built-up surroundings
regions of 0.05° instead of 0.10°,-0.7890211687165588,-0.9188589128313425,-0.6650013571419034,319,275,1599,85,2000,2000,0,built-up surroundings
without the region holding most greened cells (54 of 319),-0.742871886096033,-0.8966645827447164,-0.6027866911835228,265,257,2072,60,2000,2000,0,built-up surroundings
without southern latitude belt (exploratory proxy),-0.7767426624486395,-0.9333113942516212,-0.6637538395432129,275,267,2051,53,2000,2000,0,built-up surroundings
bootstrap blocks of 0.10° instead of 0.05°,-0.7427416652696288,-0.8724135976948051,-0.6278942150004958,319,310,2296,67,2000,2000,0,built-up surroundings
