variable,greened,all controls,matched controls,std diff before,std diff after,setting
LST 2014–15 (°C),53.97010455645161,52.76133859061697,53.102547710093816,0.8298850495901394,0.44314179647535074,outside the built-up area
NDVI 2014–15,0.07538663911290323,0.06131653295997061,0.0690485499791285,0.9828964807317989,0.4945852412528927,outside the built-up area
emissivity (fixed),0.9616587459677419,0.9641314476680133,0.963087974038871,-0.6221787771764016,-0.19312704520976226,outside the built-up area
distance to coast (km),16.0878511218506,16.390097846150677,16.088966872839983,0.05102025956005772,-0.00018385540592714728,outside the built-up area
elevation (m),58.41233572580645,87.57977312559677,70.63706045805942,-0.5386688324441686,-0.20962032337869851,outside the built-up area
own building cover 2015,0.00495633870967742,0.0038828168380462724,0.00646843160447697,0.08205859021309786,-0.09462100422862066,outside the built-up area
"building cover within 500 m, 2015",0.008465024193548387,0.006221414248990084,0.017050276380964995,0.23970314119036365,-0.828226931876955,outside the built-up area
surroundings built-up change,0.04722446370967742,0.009530948586118254,0.035540669057720846,1.5131344153095885,0.27383240429719213,outside the built-up area
LST 2014–15 (°C),51.81632014193549,51.30573430826157,51.48368250671686,0.28231064599922673,0.19366931713821242,built-up surroundings
NDVI 2014–15,0.08141137258064517,0.06688409755113026,0.06851026119999294,1.0486715795163852,0.933128487797601,built-up surroundings
emissivity (fixed),0.9693116387096775,0.9690539693218514,0.9695828240395561,0.03283488904511107,-0.05834919161064153,built-up surroundings
distance to coast (km),11.660905515660826,10.28970376529587,11.533882201450131,0.2276961983961494,0.022370683147570576,built-up surroundings
elevation (m),52.85627241612904,48.04036599461787,58.08124219450432,0.10690366357675754,-0.127830684934786,built-up surroundings
own building cover 2015,0.1057908806451613,0.18663198869752423,0.13932911884911592,-0.528891404560454,-0.22047484118794045,built-up surroundings
"building cover within 500 m, 2015",0.16456266451612903,0.19205635925726586,0.17745357956179295,-0.25851808922844954,-0.11734193528948349,built-up surroundings
surroundings built-up change,0.14711036451612905,0.09884428632938644,0.13133902630894764,0.6684821116165236,0.21189892603430863,built-up surroundings
