deleted_block,deleted_1_2_cells,deleted_controls,deleted_1_2_belt_share,retained_1_2_cells,retained_1_2_blocks,lost_other_treated_for_no_controls,design_rank,design_condition,beta_own_C_per_pixel,change_own_C_per_pixel,beta_external_0_90m_C_per_pixel,change_external_0_90m_C_per_pixel,beta_external_90_180m_C_per_pixel,change_external_90_180m_C_per_pixel,beta_external_180_300m_C_per_pixel,change_external_180_300m_C_per_pixel
781_435,2,93,0.0,417,31,0,4,38.44980527661283,-1.0048036151885198,-0.002413539913331153,-0.08946838213460834,-0.005501196416501944,-0.049584784964531725,0.0022022705353202873,-0.017988611369047378,-7.90833039004818e-05
782_425,1,127,0.0,418,31,0,4,38.475758666684214,-1.0039806155090167,-0.0015905402338280972,-0.08401534900312778,-4.816328502138534e-05,-0.0517091329743854,7.792252546661577e-05,-0.017895839535506303,1.3688529640593083e-05
782_435,2,92,0.0,417,31,0,4,38.52774418909412,-1.0121171575305796,-0.009727082255390984,-0.08251050316177108,0.001456682556335312,-0.05190265284426942,-0.00011559734441740632,-0.017830486971882498,7.904109326439812e-05
783_424,5,191,0.0,414,31,0,4,38.63753308449296,-1.0137095145054171,-0.01131943923022849,-0.08381209512339907,0.00015509059470732167,-0.05142323095227221,0.00036382454757979965,-0.017803143007640382,0.00010638505750651395
783_426,1,118,1.0,418,31,0,4,38.60074987908096,-1.0085859993169757,-0.006195924041787038,-0.08325110751167081,0.0007160782064355858,-0.051782080437690545,4.975062161467758e-06,-0.017861888263043163,4.7639802103732753e-05
783_432,2,37,0.0,417,31,0,4,38.621297662196746,-1.0121916074262778,-0.009801532151089143,-0.0830979656664948,0.0008692200516115939,-0.051587858515654575,0.00019919698419743753,-0.017890360358146867,1.9167707000028456e-05
783_435,3,130,0.0,416,31,0,4,38.43659335898364,-0.9971232449739107,0.005266830301277947,-0.09890472280016505,-0.014937537082058652,-0.05150640236197573,0.00028065313787628554,-0.015870224523894347,0.002039303541252549
784_427,4,102,1.0,415,31,0,4,38.563999358430465,-1.0094392530509508,-0.007049177775762194,-0.0848961569238465,-0.0009289712057401062,-0.05109147985104691,0.0006955756488051038,-0.017896839603041947,1.268846210494834e-05
784_430,4,10,0.0,415,31,0,4,38.652483863431094,-1.0060858885798634,-0.003695813304674722,-0.08421115680561125,-0.00024397108750486007,-0.05158450252992125,0.00020255296993076238,-0.017888940380151375,2.0587684995521105e-05
784_431,2,5,0.0,417,31,0,4,38.52476546622126,-1.0058353513274982,-0.003445276052309598,-0.08433682336323928,-0.00036963764513288366,-0.05159405010616348,0.00019300539368852926,-0.017891972479005328,1.755558614156827e-05
784_433,1,131,0.0,418,31,0,4,38.47575866668419,-1.0007592031394839,0.0016308721357047862,-0.0841454132714306,-0.00017822755332420892,-0.05173350203704154,5.3553462810475294e-05,-0.017941479363799362,-3.1951298652466154e-05
784_434,11,125,0.0,408,31,0,4,38.94817940692767,-1.0107386428814882,-0.00834856760629954,-0.08287194055943371,0.0010952451586726808,-0.05166149784167479,0.00012555765817721942,-0.017948696206543158,-3.91681413962619e-05
784_435,1,138,0.0,418,31,0,4,38.4757586666842,-0.9811774984412475,0.021212576833941177,-0.08590816302276297,-0.0019409773046565743,-0.0515476966076585,0.00023935889219351553,-0.01820449603820451,-0.0002949679730576138
785_426,48,86,1.0,371,31,0,4,39.55062808346438,-1.03819612066172,-0.03580604538653143,-0.07217677022007574,0.011790415498030657,-0.0486498464967247,0.003137209003127313,-0.01965207608270715,-0.0017425480175602553
785_427,5,185,1.0,414,31,0,4,38.70931215972896,-1.0170462777116238,-0.014656202436435173,-0.08462381067513768,-0.0006566249570312821,-0.051407505085873786,0.00037955041397822603,-0.017852381711058768,5.714635408812785e-05
785_429,2,15,0.0,417,31,0,4,38.57615776358378,-0.9968081944423768,0.0055818808328118585,-0.08434513247413156,-0.00037794675602516314,-0.051660996529968126,0.00012605896988388682,-0.018055002844969664,-0.00014547477982276846
785_430,24,81,0.0,395,31,0,4,37.241933278552956,-0.9627748210724392,0.03961525420274947,-0.09698007364061016,-0.013012887922503769,-0.04985964552705582,0.0019274099727961957,-0.019208109801605838,-0.0012985817364589425
785_431,5,78,0.0,414,31,0,4,38.82287863421215,-1.002047624792135,0.00034245048305359127,-0.08667060699799481,-0.0027034212798884155,-0.05145518267836918,0.0003318728214828301,-0.018028828091392238,-0.00011930002624534197
785_432,17,148,0.0,402,31,0,4,38.96938362781045,-0.976091673770876,0.02629840150431262,-0.0879311330225932,-0.003963947304486806,-0.04782436909468388,0.003962686405168135,-0.019408329450375753,-0.0014988013852288568
785_433,2,232,0.0,417,31,0,4,38.602867874811956,-1.0075966939123688,-0.005206618637180194,-0.08324897723605831,0.00071820848204808,-0.05142940810170022,0.0003576473981517919,-0.017972289270588693,-6.276120544179697e-05
785_434,43,257,0.0,376,31,0,4,40.09682820318207,-1.0269340076758018,-0.024543932400613144,-0.07704450249334766,0.006922683224758738,-0.053921943212967324,-0.002134887713115312,-0.017614417262691986,0.0002951108024549093
785_435,42,243,0.0,377,31,0,4,40.712141559214196,-1.0519447270003703,-0.0495546517251817,-0.08414333982050637,-0.0001761541023999752,-0.05077366611648664,0.0010133893833653707,-0.017386716668081476,0.0005228113970654202
786_426,83,146,1.0,336,31,0,4,25.147791247562267,-0.9753888690230533,0.027001206252135312,-0.06943967390304825,0.014527511815058139,-0.06532134979436732,-0.01353429429451531,-0.017709179433401348,0.00020034863174554773
786_429,7,30,0.0,412,31,0,4,38.687855977117934,-0.9910149056335177,0.011375169641670957,-0.08438381262467648,-0.00041662690657008616,-0.052263423026271426,-0.0004763675264194134,-0.017799450279302978,0.00011007778584391781
786_430,11,126,0.0,408,31,0,4,38.86263421513446,-0.982291332490886,0.02009874278430268,-0.08023403943400606,0.0037331462841003332,-0.05460764458914186,-0.0028205890892898447,-0.017464994152700433,0.00044453391244646256
786_431,4,231,0.0,415,31,0,4,38.60483331776816,-0.9969922631461227,0.005397812129065982,-0.08531808925768386,-0.0013509035395774666,-0.051334122572951765,0.00045293292690024717,-0.018075463496047176,-0.00016593543090027973
786_432,15,253,0.0,404,31,0,4,38.82546670995371,-1.000647130720114,0.0017429445550747324,-0.08164192280030932,0.002325262917797069,-0.05214034665173386,-0.000353291151881846,-0.017961581842103877,-5.205377695698121e-05
786_435,2,360,0.0,417,31,0,4,38.53108360920385,-0.9997080752532415,0.002682000021947184,-0.08442501623017624,-0.00045783051206985115,-0.05168639579651401,0.0001006597033380019,-0.01795409666172962,-4.45685965827225e-05
787_426,38,262,1.0,381,31,0,4,38.71144391843362,-0.9841791479119337,0.018210927363254914,-0.07713360845210075,0.0068335772660056415,-0.05079493210093177,0.0009921233989202416,-0.01729731777853899,0.000612210286607906
787_427,27,219,1.0,392,31,0,4,39.060093326412265,-0.9853191744123827,0.017070900862805938,-0.08372770948676767,0.0002394762313387283,-0.05220621863342326,-0.0004191631335712445,-0.01869389538135892,-0.0007843673162120229
787_428,1,101,0.0,418,31,0,4,38.57460091282361,-1.007241269831885,-0.00485119455669647,-0.0836521480439994,0.00031503767410699657,-0.05169392533620697,9.313016364504573e-05,-0.017872326637731986,3.7201427414909616e-05
787_432,4,184,0.0,415,31,0,4,38.716801158641346,-1.0144998408386556,-0.01210976556346699,-0.08282421630773881,0.0011429694103675808,-0.05223192384175131,-0.00044486834189929464,-0.017545498688821784,0.0003640293763251118
