model,n_cells,n_blocks,b_own_only,saved_own_only,own_only_abs_diff_vs_saved,beta_own,sum_beta_ext_times_gamma,rhs_beta_own_plus_sum,residual,tolerance,identity_holds,max_abs_beta_diff_vs_saved_table,saved_beta_source,term,beta_ext,gamma,beta_ext_times_gamma
full_four_terms,419,32,-1.9253007042875268,-1.9253007042875272,4.440892098500626e-16,-1.0023900752751884,-0.9229106290123382,-1.9253007042875265,-2.220446049250313e-16,1e-10,True,2.220446049250313e-16,tables/ring_reduced_coefficients_v8_followup6.csv,external_0_90m,-0.08396718571810634,3.660421545667447,-0.3073552957316164
full_four_terms,419,32,-1.9253007042875268,-1.9253007042875272,4.440892098500626e-16,-1.0023900752751884,-0.9229106290123382,-1.9253007042875265,-2.220446049250313e-16,1e-10,True,2.220446049250313e-16,tables/ring_reduced_coefficients_v8_followup6.csv,external_90_180m,-0.05178705549985213,7.3103044496487115,-0.3785791422547738
full_four_terms,419,32,-1.9253007042875268,-1.9253007042875272,4.440892098500626e-16,-1.0023900752751884,-0.9229106290123382,-1.9253007042875265,-2.220446049250313e-16,1e-10,True,2.220446049250313e-16,tables/ring_reduced_coefficients_v8_followup6.csv,external_180_300m,-0.017909528065146868,13.231850117096018,-0.236976191025948
drop_180_300m,419,32,-1.9253007042875268,-1.9253007042875272,4.440892098500626e-16,-1.0358358785511916,-0.8894648257363356,-1.9253007042875272,4.440892098500626e-16,1e-10,True,4.440892098500626e-16,tables/ring_reduced_coefficients_v8_followup6.csv,external_0_90m,-0.07345140917320665,3.660421545667447,-0.2688631206972412
drop_180_300m,419,32,-1.9253007042875268,-1.9253007042875272,4.440892098500626e-16,-1.0358358785511916,-0.8894648257363356,-1.9253007042875272,4.440892098500626e-16,1e-10,True,4.440892098500626e-16,tables/ring_reduced_coefficients_v8_followup6.csv,external_90_180m,-0.08489409836671258,7.3103044496487115,-0.6206017050390944
merge_90_300m,419,32,-1.9253007042875268,-1.9253007042875272,4.440892098500626e-16,-0.9878776897406448,-0.937423014546882,-1.925300704287527,2.220446049250313e-16,1e-10,True,4.440892098500626e-16,tables/ring_reduced_coefficients_v8_followup6.csv,external_0_90m,-0.10387175298407253,3.660421545667447,-0.380214402609146
merge_90_300m,419,32,-1.9253007042875268,-1.9253007042875272,4.440892098500626e-16,-0.9878776897406448,-0.937423014546882,-1.925300704287527,2.220446049250313e-16,1e-10,True,4.440892098500626e-16,tables/ring_reduced_coefficients_v8_followup6.csv,external_90_300m,-0.027125129943272333,20.54215456674473,-0.557208611937736
fine_three_inner_rings,419,32,-1.9253007042875268,-1.9253007042875272,4.440892098500626e-16,-1.0137727586302174,-0.9115279456573097,-1.925300704287527,2.220446049250313e-16,1e-10,True,8.326672684688674e-17,tables/pixel_subring_regression_v8_followup6.csv,external_0_30m,-0.04072219738830039,0.7412177985948478,-0.030184017502100875
fine_three_inner_rings,419,32,-1.9253007042875268,-1.9253007042875272,4.440892098500626e-16,-1.0137727586302174,-0.9115279456573097,-1.925300704287527,2.220446049250313e-16,1e-10,True,8.326672684688674e-17,tables/pixel_subring_regression_v8_followup6.csv,external_30_60m,-0.10174602442359904,1.088992974238876,-0.11080070575403643
fine_three_inner_rings,419,32,-1.9253007042875268,-1.9253007042875272,4.440892098500626e-16,-1.0137727586302174,-0.9115279456573097,-1.925300704287527,2.220446049250313e-16,1e-10,True,8.326672684688674e-17,tables/pixel_subring_regression_v8_followup6.csv,external_60_90m,-0.08785416915278124,1.8302107728337236,-0.16079164682177643
fine_three_inner_rings,419,32,-1.9253007042875268,-1.9253007042875272,4.440892098500626e-16,-1.0137727586302174,-0.9115279456573097,-1.925300704287527,2.220446049250313e-16,1e-10,True,8.326672684688674e-17,tables/pixel_subring_regression_v8_followup6.csv,external_90_180m,-0.05089199723581417,7.3103044496487115,-0.3720359938444822
fine_three_inner_rings,419,32,-1.9253007042875268,-1.9253007042875272,4.440892098500626e-16,-1.0137727586302174,-0.9115279456573097,-1.925300704287527,2.220446049250313e-16,1e-10,True,8.326672684688674e-17,tables/pixel_subring_regression_v8_followup6.csv,external_180_300m,-0.017965407681558965,13.231850117096018,-0.2377155817349137
coarse_two_inner_rings,419,32,-1.9253007042875268,-1.9253007042875272,4.440892098500626e-16,-1.013317040565403,-0.9119836637221225,-1.9253007042875256,-1.1102230246251565e-15,1e-10,True,8.326672684688674e-17,tables/pixel_subring_regression_v8_followup6.csv,external_0_30m,-0.0466307748209923,0.7412177985948478,-0.034563560259587976
coarse_two_inner_rings,419,32,-1.9253007042875268,-1.9253007042875272,4.440892098500626e-16,-1.013317040565403,-0.9119836637221225,-1.9253007042875256,-1.1102230246251565e-15,1e-10,True,8.326672684688674e-17,tables/pixel_subring_regression_v8_followup6.csv,external_30_90m,-0.09241194498871569,2.9192037470725993,-0.26976929608532574
coarse_two_inner_rings,419,32,-1.9253007042875268,-1.9253007042875272,4.440892098500626e-16,-1.013317040565403,-0.9119836637221225,-1.9253007042875256,-1.1102230246251565e-15,1e-10,True,8.326672684688674e-17,tables/pixel_subring_regression_v8_followup6.csv,external_90_180m,-0.05062401962815952,7.3103044496487115,-0.37007699594683824
coarse_two_inner_rings,419,32,-1.9253007042875268,-1.9253007042875272,4.440892098500626e-16,-1.013317040565403,-0.9119836637221225,-1.9253007042875256,-1.1102230246251565e-15,1e-10,True,8.326672684688674e-17,tables/pixel_subring_regression_v8_followup6.csv,external_180_300m,-0.01795469335942801,13.231850117096018,-0.2375738114303706
