setting,specification,screen,n_classified,n_matched,n_matched_blocks,per_pixel_C,lo_C,hi_C,difference_from_full_C,difference_lo_C,difference_hi_C,baseline_lst_C,coast_km,n_boot_valid
outside the built-up area,pre-treatment-only strata,all 1–2-pixel cells,426,419,32,-1.9253007042875272,-2.271432697239139,-1.477060341840476,0.0,0.0,0.0,53.94268327565632,16.438030842796557,2000
outside the built-up area,pre-treatment-only strata,no greened pixel in eight neighboring 90 m cells,47,46,20,-0.9045944011014786,-1.2276164295282912,-0.6280001624983658,1.0207063031860486,0.4505736098065286,1.4875941852528676,53.06152396739132,14.429682665379055,2000
outside the built-up area,pre-treatment-only strata,no other greened 30 m pixel within 300 m of cell centre,180,174,32,-1.2484891458036356,-1.3840677499194365,-1.0704059784097573,0.6768115584838916,0.2669957150543003,1.0279772008968568,53.13678843678161,15.534780725679651,2000
outside the built-up area,pre-treatment-only strata,both 30 m screens,44,43,18,-0.8918534403791789,-1.2558138051744194,-0.5922704380320495,1.0334472639083483,0.4665981288049057,1.4883580301564197,52.97266647674418,14.215617843399832,2000
outside the built-up area,concurrent-change strata,all 1–2-pixel cells,426,355,32,-1.6958452641490867,-1.9125907060804244,-1.3640354877027134,0.0,0.0,0.0,53.64605351690141,15.988342497535774,2000
outside the built-up area,concurrent-change strata,no greened pixel in eight neighboring 90 m cells,47,45,20,-0.7991824851064042,-1.1286915868797132,-0.4531277726241745,0.8966627790426824,0.4271136085988048,1.2600677328212484,53.01480658888889,14.322550393497796,2000
outside the built-up area,concurrent-change strata,no other greened 30 m pixel within 300 m of cell centre,180,168,32,-1.2121799862303648,-1.359854579067185,-0.9554193658047582,0.4836652779187218,0.18626439668632971,0.7468263724618122,53.11245959226191,15.441877914233222,2000
outside the built-up area,concurrent-change strata,both 30 m screens,44,42,18,-0.7863032452617649,-1.149944572009506,-0.4391559647635912,0.9095420188873218,0.4409832985246498,1.2786898155937665,52.92049648809524,14.095736484908494,2000
built-up surroundings,pre-treatment-only strata,all 1–2-pixel cells,252,246,41,-1.2070811223354783,-1.4152303482275457,-0.968690753185882,0.0,0.0,0.0,51.58855272764228,11.449617310519837,2000
built-up surroundings,pre-treatment-only strata,no greened pixel in eight neighboring 90 m cells,105,103,38,-1.0821938680140848,-1.2985272759514002,-0.848096056862303,0.12488725432139347,-0.02528691889836835,0.3090028289697747,51.15294077669904,10.91123853130235,2000
built-up surroundings,pre-treatment-only strata,no other greened 30 m pixel within 300 m of cell centre,222,217,41,-1.1409741153263078,-1.341904966962006,-0.9211214011123526,0.0661070070091705,0.0052361072229152985,0.1492915295360002,51.418055138248846,10.978227428769838,2000
built-up surroundings,pre-treatment-only strata,both 30 m screens,101,99,37,-1.0867519058798216,-1.3017487027821157,-0.8409732280160943,0.12032921645565664,-0.028477061421216178,0.3156174720786994,51.10604910606062,10.870798866416331,2000
built-up surroundings,concurrent-change strata,all 1–2-pixel cells,252,243,40,-1.1172532649202513,-1.3219768714426567,-0.9016415349668817,0.0,0.0,0.0,51.59358683333334,11.5107998219482,2000
built-up surroundings,concurrent-change strata,no greened pixel in eight neighboring 90 m cells,105,101,37,-0.9475455663412551,-1.154807384199277,-0.7366221725645569,0.16970769857899626,0.028419264587205433,0.36483294879599065,51.165077212871296,11.007194592978934,2000
built-up surroundings,concurrent-change strata,no other greened 30 m pixel within 300 m of cell centre,222,214,40,-1.0480698739272634,-1.2487986756528717,-0.8545110645959734,0.06918339099298798,0.00970224972328006,0.1594275490659227,51.421381282710286,11.041092758825178,2000
built-up surroundings,concurrent-change strata,both 30 m screens,101,97,36,-0.9492095531550515,-1.1581993166344169,-0.7300434044919603,0.16804371176519983,0.02757062084147029,0.3755953496102211,51.117719175257726,10.969878071566464,2000
