year,branch,irrigated_area_ha,source_total_m3,depth_m,inside_assumed_depth_band,duplicate_branch_year_in_aggregated_file,source_join_verified
2020,Al-Ahsa,2488,95146103.0,3.8242002813504823,False,False,False
2020,Riyadh,13534,31768711.0,0.2347326067681395,False,False,False
2020,Qatif,200,6591266.0,3.295633,False,False,False
2020,Dumat Al-Jandal,950,11073641.0,1.1656464210526316,False,False,False
2020,Al-Aflaj,72,1652078.0,2.2945527777777777,True,False,False
2021,Al-Ahsa,2616,98159339.0,3.7522683103975534,False,False,False
2021,Riyadh,2553,27254947.0,1.067565491578535,False,False,False
2021,Qatif,229,6907427.0,3.016343668122271,True,False,False
2021,Dumat Al-Jandal,938,10677154.0,1.1382893390191897,False,False,False
2021,Al-Aflaj,77,1151855.0,1.4959155844155845,True,False,False
2021,Madinah,1543,14550000.0,0.9429682436811406,False,False,False
2022,Al-Ahsa,3335,104439416.0,3.131616671664168,True,False,False
2022,Riyadh,2930,28085342.0,0.9585440955631399,False,False,False
2022,Qatif,229,6379014.0,2.785595633187773,True,False,False
2022,Dumat Al-Jandal,480,6982061.0,1.4545960416666666,True,False,False
2022,Al-Aflaj,70,1411231.0,2.0160442857142855,True,False,False
2022,Madinah,1543,49610000.0,3.2151652624756966,False,False,False
