setting,specification,dose_class,n_classified,n_matched,n_treated_blocks,mean_dose,per_pixel_C,per_pixel_lo_C,per_pixel_hi_C,cell_C,cell_lo_C,cell_hi_C,n_boot_valid
outside the built-up area,pre-treatment-only strata,all,1014,1006,34,4.145129224652088,-1.1805706405801224,-1.2519858900832441,-0.9252715933911743,-5.344431708466041,-6.53086273995574,-3.146933406976948,2000
outside the built-up area,pre-treatment-only strata,1–2,426,419,32,1.3460620525059666,-1.9253007042875272,-2.271432697239139,-1.477060341840476,-2.808226658795508,-3.3285950608539063,-2.141361785983615,2000
outside the built-up area,pre-treatment-only strata,3–4,184,183,21,3.377049180327869,-1.3065085877747702,-1.4678922073040632,-0.9977119456660334,-4.433243363572172,-5.039681448807311,-3.285551592561578,2000
outside the built-up area,pre-treatment-only strata,5–8,244,244,19,6.344262295081967,-1.0618553447301315,-1.147464715668604,-0.7793638713455712,-6.78528025324036,-7.31103004862217,-4.8598659904269415,2000
outside the built-up area,pre-treatment-only strata,9,160,160,9,9.0,-1.2034440356646974,-1.2650105634848734,-0.8805307911021806,-10.830996320982276,-11.38509507136386,-7.924777119919626,2000
outside the built-up area,concurrent-change strata,all,1014,744,34,3.618279569892473,-1.095650063427269,-1.173009999191152,-0.8596006038506665,-4.380584579427661,-5.34390927124549,-2.7408718470124405,2000
outside the built-up area,concurrent-change strata,1–2,426,355,32,1.3408450704225352,-1.6958452641490867,-1.9125907060804244,-1.3640354877027134,-2.4582092818773034,-2.7695315523864856,-1.9871888717267119,2000
outside the built-up area,concurrent-change strata,3–4,184,147,21,3.3401360544217686,-1.1899313933178284,-1.3422333482589084,-0.9457370435082256,-3.992406686209002,-4.536573803506751,-3.1144007730903454,2000
outside the built-up area,concurrent-change strata,5–8,244,167,19,6.287425149700598,-0.9925916353331623,-1.087515967667137,-0.7133828795399463,-6.272002792459346,-6.859345895061905,-4.280935499686525,2000
outside the built-up area,concurrent-change strata,9,160,75,9,9.0,-1.1143442708360054,-1.1858525407878118,-0.7698239192428565,-10.029098437524045,-10.672672867090304,-6.928415273185708,2000
built-up surroundings,pre-treatment-only strata,all,319,313,41,1.8945686900958467,-0.782840102139666,-0.9159784976492266,-0.6590442865416002,-1.9007560440046773,-2.1844861734022203,-1.5210662490306266,2000
built-up surroundings,pre-treatment-only strata,1–2,252,246,41,1.2926829268292683,-1.2070811223354783,-1.4152303482275457,-0.968690753185882,-1.676270779370975,-1.9366406520928898,-1.3473203266410776,2000
built-up surroundings,pre-treatment-only strata,3–4,50,50,19,3.44,-0.6985710797260072,-0.8344805084468935,-0.5362572738526443,-2.475333652525316,-2.8878443983158135,-1.9392984881202222,2000
built-up surroundings,pre-treatment-only strata,5–8,16,16,9,5.875,-0.5783945165070917,-0.6931321753556594,-0.4861086666119392,-3.436332275537814,-4.00440731426067,-2.7591434027281068,1999
built-up surroundings,concurrent-change strata,all,319,310,40,1.9,-0.7427416652696288,-0.8874043190161617,-0.6257902606350839,-1.783478774649336,-2.0837203093131818,-1.4530218967174753,2000
built-up surroundings,concurrent-change strata,1–2,252,243,40,1.2921810699588476,-1.1172532649202513,-1.3219768714426567,-0.9016415349668817,-1.5503148553716084,-1.8266999023409545,-1.2662212447534484,2000
built-up surroundings,concurrent-change strata,3–4,50,50,19,3.44,-0.6655019692594494,-0.7962813305373464,-0.5237123428982783,-2.3571223762518523,-2.7684893901423218,-1.8851174377813704,2000
built-up surroundings,concurrent-change strata,5–8,16,16,9,5.875,-0.5724518055194276,-0.70279173555411,-0.47287557312237144,-3.4159716742096315,-4.052217051305026,-2.7922970285248376,1999
