setting,estimate,estimate_C,lo_C,hi_C,n_treated,n_treated_matched,n_controls_matched,n_strata,n_boot_requested,n_boot_valid,n_boot_missing,mean_px
outside the built-up area,per_pixel,-1.095650063427269,-1.173009999191152,-0.8596006038506665,1014,744,5056,48,2000,2000,0,
outside the built-up area,all_greened,-4.380584579427661,-5.34390927124549,-2.7408718470124405,1014,744,5056,48,2000,2000,0,4.1232741617357
outside the built-up area,placebo_per_pixel,-0.03933831776738912,-0.10133123164158746,0.017525626996909988,375,289,4444,31,2000,2000,0,
outside the built-up area,late_per_pixel,-1.0658534807189188,-1.1952501504010398,-0.7414191330095647,375,289,4444,31,2000,2000,0,
outside the built-up area,ring,-0.27965892436676787,-0.41714580744787033,-0.10473407432848308,1263,1210,7281,64,2000,2000,0,
outside the built-up area,d_emis,-1.3340753041500097e-08,,,1014,744,5056,48,0,0,0,
built-up surroundings,per_pixel,-0.7427416652696288,-0.8874043190161617,-0.6257902606350839,319,310,2296,67,2000,2000,0,
built-up surroundings,all_greened,-1.783478774649336,-2.0837203093131818,-1.4530218967174753,319,310,2296,67,2000,2000,0,1.8808777429467085
built-up surroundings,placebo_per_pixel,-0.034829574351853264,-0.09539479696418933,0.046521686626337544,130,125,1731,45,2000,2000,0,
built-up surroundings,late_per_pixel,-0.8197957813292956,-1.1059173586195103,-0.5891861225473961,130,125,1731,45,2000,2000,0,
built-up surroundings,ring,-0.2819217516962705,-0.41408504202045987,-0.12482419837299819,1000,988,2903,95,2000,2000,0,
built-up surroundings,d_emis,2.7284650082011923e-06,,,319,310,2296,67,0,0,0,
