year,estimate_C,lo_C,hi_C,setting
2014,0.048815747229391186,-0.01031785936178625,0.07413513408112164,outside the built-up area
2015,-0.04881574722939114,-0.07413513408112155,0.010317859361786523,outside the built-up area
2018,-0.2699108663009279,-0.4016287624524877,-0.08985525285301274,outside the built-up area
2019,-0.4665602273536849,-0.6200855428754075,-0.09983447553086111,outside the built-up area
2024,-1.1340486529026919,-1.1927913212140726,-0.8946172274864599,outside the built-up area
2025,-1.0572514739518464,-1.182640028741073,-0.7708331658084402,outside the built-up area
2014,0.038699409122559134,-0.00990447837422236,0.06954314074568925,built-up surroundings
2015,-0.03869940912255903,-0.06954314074568907,0.009904478374222566,built-up surroundings
2018,-0.13549187584781816,-0.2377801790988167,-0.0317472173942971,built-up surroundings
2019,-0.20483343411656332,-0.29823549403174515,-0.13863841198805055,built-up surroundings
2024,-0.7905985918679349,-0.947654511870828,-0.669160239407496,built-up surroundings
2025,-0.6948847386713228,-0.8294377516315089,-0.579367027169559,built-up surroundings
