model,term,n_cells,n_blocks,beta_C_per_pixel,lo_C,hi_C,valid_block_draws,total_block_draws,design_rank,design_condition,zero_count_share,status
fine_three_inner_rings,own,419,32,-1.0137727586302174,-1.2256002330082072,-0.7607396194481962,2000,2000,6,70.98115409609386,0.0,descriptive_own
fine_three_inner_rings,external_0_30m,419,32,-0.04072219738830039,-0.31549427649816236,0.20914023563244888,2000,2000,6,70.98115409609386,0.36754176610978523,diagnostic_only_subring
fine_three_inner_rings,external_30_60m,419,32,-0.10174602442359904,-0.2751126729196458,0.09574626874439092,2000,2000,6,70.98115409609386,0.34844868735083534,diagnostic_only_subring
fine_three_inner_rings,external_60_90m,419,32,-0.08785416915278124,-0.17898616269169682,0.052779156756569426,2000,2000,6,70.98115409609386,0.2935560859188544,diagnostic_only_subring
fine_three_inner_rings,external_90_180m,419,32,-0.05089199723581417,-0.08314027579347806,-0.030958589950812465,2000,2000,6,70.98115409609386,0.18377088305489261,diagnostic_only_subring
fine_three_inner_rings,external_180_300m,419,32,-0.017965407681558965,-0.036537758017713966,-0.008485286619235761,2000,2000,6,70.98115409609386,0.20047732696897375,diagnostic_only_subring
coarse_two_inner_rings,own,419,32,-1.013317040565403,-1.2222133094105145,-0.7549895276469988,2000,2000,5,60.596549109954566,0.0,descriptive_own
coarse_two_inner_rings,external_0_30m,419,32,-0.0466307748209923,-0.31224977647415436,0.17084655072410335,2000,2000,5,60.596549109954566,0.36754176610978523,diagnostic_only_subring
coarse_two_inner_rings,external_30_90m,419,32,-0.09241194498871569,-0.1549561600169259,0.011708361766785792,2000,2000,5,60.596549109954566,0.22911694510739858,diagnostic_only_subring
coarse_two_inner_rings,external_90_180m,419,32,-0.05062401962815952,-0.08099036823315756,-0.0328412907190437,2000,2000,5,60.596549109954566,0.18377088305489261,diagnostic_only_subring
coarse_two_inner_rings,external_180_300m,419,32,-0.01795469335942801,-0.035313133411404116,-0.008679080403064825,2000,2000,5,60.596549109954566,0.20047732696897375,diagnostic_only_subring
