model,term,n_cells,n_blocks,beta_C_per_pixel,lo_C,hi_C,valid_block_draws,total_block_draws,design_rank,design_condition
full_four_terms,own,419,32,-1.0023900752751886,-1.1724153824475119,-0.7827024935517608,2000,2000,4,38.42398346254094
full_four_terms,external_0_90m,419,32,-0.0839671857181064,-0.1253663493410835,-0.011640769178477794,2000,2000,4,38.42398346254094
full_four_terms,external_90_180m,419,32,-0.05178705549985201,-0.08058745630146896,-0.034769320084320605,2000,2000,4,38.42398346254094
full_four_terms,external_180_300m,419,32,-0.017909528065146896,-0.035790747605928534,-0.008753661955456049,2000,2000,4,38.42398346254094
drop_180_300m,own,419,32,-1.0358358785511912,-1.207897102404066,-0.8503441167637895,2000,2000,3,18.664135062068475
drop_180_300m,external_0_90m,419,32,-0.07345140917320686,-0.11387520038525537,-0.005922715375824117,2000,2000,3,18.664135062068475
drop_180_300m,external_90_180m,419,32,-0.08489409836671254,-0.10709400883689266,-0.07301076482102464,2000,2000,3,18.664135062068475
merge_90_300m,own,419,32,-0.9878776897406443,-1.1568617539841546,-0.7760482606935197,2000,2000,3,50.83375064172392
merge_90_300m,external_0_90m,419,32,-0.10387175298407286,-0.14192646233769166,-0.030423717704563587,2000,2000,3,50.83375064172392
merge_90_300m,external_90_300m,419,32,-0.027125129943272305,-0.04392611329450134,-0.0230902229877706,2000,2000,3,50.83375064172392
