year,branch,irrigated_area_ha,supplied_m3,reclaimed_share,depth_m
2020,Al-Ahsa,2488,95146103.0,0.8527536855608264,3.8242002813504823
2020,Riyadh,13534,31768711.0,1.0,0.2347326067681395
2020,Qatif,200,6591266.0,0.4748586993758104,3.295633
2020,Dumat Al-Jandal,950,11073641.0,0.0,1.1656464210526316
2020,Al-Aflaj,72,1652078.0,0.0,2.2945527777777777
2021,Al-Ahsa,2616,98159339.0,0.9752500065225582,3.7522683103975534
2021,Riyadh,2553,27254947.0,1.0,1.067565491578535
2021,Qatif,229,6907427.0,0.7558501885000015,3.016343668122271
2021,Dumat Al-Jandal,938,10677154.0,0.0,1.1382893390191897
2021,Al-Aflaj,77,1151855.0,0.0,1.4959155844155845
2021,Madinah,1543,14550000.0,1.0,0.9429682436811406
2022,Al-Ahsa,3335,104439416.0,0.9835217385742563,3.131616671664168
2022,Riyadh,2930,28085342.0,1.0,0.9585440955631399
2022,Qatif,229,6379014.0,1.0,2.785595633187773
2022,Dumat Al-Jandal,480,6982061.0,0.0,1.4545960416666666
2022,Al-Aflaj,70,1411231.0,0.0,2.0160442857142855
2022,Madinah,1543,49610000.0,1.0,3.2151652624756966
