table,population,interpretation
allocation_selected.csv,hypothetical scenario on narrower matched panel or optional allocation,No municipal ranking established
cells.csv,exported cell panel or primary proximity subset,Read class and matching fields
coastal_block_counts.csv,"concurrent-change matched sensitivity, with all-classified counts where labelled",Read n_treated versus n_treated_matched columns
decision_bare_places_model.csv,hypothetical scenario on narrower matched panel or optional allocation,No municipal ranking established
decision_by_coast.csv,hypothetical scenario on narrower matched panel or optional allocation,No municipal ranking established
decision_pairwise.csv,hypothetical scenario on narrower matched panel or optional allocation,No municipal ranking established
decision_ranking.csv,hypothetical scenario on narrower matched panel or optional allocation,No municipal ranking established
decision_scenarios.csv,hypothetical scenario on narrower matched panel or optional allocation,No municipal ranking established
decision_summary.csv,hypothetical scenario on narrower matched panel or optional allocation,No municipal ranking established
energy.csv,hypothetical resource factors or narrower-sensitivity conversion,Not measured irrigation or net energy
figure1_population_comparison_v8.csv,primary pre-treatment-only matched panel,Setting and dose are identified by row
followup_area_mixing.csv,mixed matching sensitivities,"Read specification, setting and subset columns; not interchangeable"
followup_bias_scenarios.csv,mixed matching sensitivities,"Read specification, setting and subset columns; not interchangeable"
followup_bias_tipping.csv,mixed matching sensitivities,"Read specification, setting and subset columns; not interchangeable"
followup_coastal_difference.csv,mixed matching sensitivities,"Read specification, setting and subset columns; not interchangeable"
followup_control_selection_primary.csv,primary pre-treatment-only matched panel,Use row's setting/dose/subset
followup_matching_specifications.csv,mixed matching sensitivities,"Read specification, setting and subset columns; not interchangeable"
followup_specification_balance.csv,mixed matching sensitivities,"Read specification, setting and subset columns; not interchangeable"
followup_specification_comparison.csv,mixed matching sensitivities,"Read specification, setting and subset columns; not interchangeable"
gee_common_month_composition_v6.csv,May–September versus June–September panel,"Row identifies full, shared or paired subset"
gee_common_month_overlap.csv,May–September versus June–September panel,"Row identifies full, shared or paired subset"
gee_common_month_overlap_v2.csv,May–September versus June–September panel,"Row identifies full, shared or paired subset"
gee_common_month_overlap_v6.csv,May–September versus June–September panel,"Row identifies full, shared or paired subset"
gee_common_month_paired.csv,May–September versus June–September panel,"Row identifies full, shared or paired subset"
gee_common_month_paired_v2.csv,May–September versus June–September panel,"Row identifies full, shared or paired subset"
gee_common_month_paired_v6.csv,May–September versus June–September panel,"Row identifies full, shared or paired subset"
gee_common_month_primary.csv,May–September versus June–September panel,"Row identifies full, shared or paired subset"
gee_common_month_primary_v2.csv,May–September versus June–September panel,"Row identifies full, shared or paired subset"
gee_common_month_primary_v6.csv,May–September versus June–September panel,"Row identifies full, shared or paired subset"
gee_exact_isolation_effects_from_raw_v2_INVALID.csv,"primary and narrower matched panels, cell-centre screen","Use row specification; INVALID file is preserved, not evidence"
gee_exact_isolation_effects_from_raw_v4.csv,"primary and narrower matched panels, cell-centre screen","Use row specification; INVALID file is preserved, not evidence"
gee_isolation_dose1_comparison_v5_INVALID.csv,"primary matched panel, neighbor-screen sensitivity",Filename marks preserved invalid variants
gee_isolation_dose1_comparison_v5_corrected.csv,"primary matched panel, neighbor-screen sensitivity",Filename marks preserved invalid variants
gee_isolation_within_strata_v6.csv,"primary matched panel, pixel-screen sensitivity",Selected isolated sites are not the full class
gee_month_composite_changes.csv,May–September versus June–September panel,"Row identifies full, shared or paired subset"
gee_monthly_ndvi_by_month_belt_v6.csv,"all NDVI-classified cells, monthly export",Filename marks superseded or old-recipe variants
gee_monthly_persistence_from_raw_v2.csv,"all NDVI-classified cells, monthly export",Filename marks superseded or old-recipe variants
gee_monthly_persistence_from_raw_v2_prior.csv,"all NDVI-classified cells, monthly export",Filename marks superseded or old-recipe variants
gee_monthly_persistence_from_raw_v3_oldrecipe.csv,"all NDVI-classified cells, monthly export",Filename marks superseded or old-recipe variants
gee_monthly_persistence_from_raw_v4.csv,"all NDVI-classified cells, monthly export",Filename marks superseded or old-recipe variants
gee_monthly_raw_diagnostics_v2.csv,"all NDVI-classified cells, monthly export",Filename marks superseded or old-recipe variants
gee_monthly_raw_diagnostics_v3_oldrecipe.csv,"all NDVI-classified cells, monthly export",Filename marks superseded or old-recipe variants
gee_monthly_raw_diagnostics_v4.csv,"all NDVI-classified cells, monthly export",Filename marks superseded or old-recipe variants
gee_neighbor_count_gradient_lst_tercile_v7_PRINTFAIL.csv,"primary matched panel, neighbor-screen sensitivity",Filename marks preserved invalid variants
gee_neighbor_count_gradient_lst_tercile_v7_verified.csv,"primary matched panel, neighbor-screen sensitivity",Filename marks preserved invalid variants
gee_neighbor_count_gradient_v7.csv,"primary matched panel, neighbor-screen sensitivity",Filename marks preserved invalid variants
gee_pixel_centered_isolation_effects_v7.csv,"primary matched panel, pixel-screen sensitivity",Selected isolated sites are not the full class
gee_raw_version_comparison.csv,"all NDVI-classified cells, monthly export",Filename marks superseded or old-recipe variants
headline_block_v8.csv,primary pre-treatment-only matched panel,Setting and dose are identified by row
imagery_review_queue_v7.csv,"unlabelled stratified review queue, 200 cells",No land-use labels available
imagery_sampling_key_v7.csv,unopened blinded key,Filename inventoried only; contents not inspected
logic_block_deletions.csv,mixed matching sensitivities,"Read specification, setting and subset columns; not interchangeable"
logic_block_summary.csv,mixed matching sensitivities,"Read specification, setting and subset columns; not interchangeable"
logic_panel_proximity_proxy.csv,exported cell panel or primary proximity subset,Read class and matching fields
logic_primary_area_mixing.csv,primary pre-treatment-only matched panel,Use row's setting/dose/subset
logic_primary_class_estimates.csv,primary pre-treatment-only matched panel,Use row's setting/dose/subset
logic_primary_coastal_difference.csv,primary pre-treatment-only matched panel,Use row's setting/dose/subset
logic_primary_figure2_dose.csv,primary pre-treatment-only matched panel,Use row's setting/dose/subset
logic_primary_figure2_estimates.csv,primary pre-treatment-only matched panel,Use row's setting/dose/subset
logic_primary_figure2_yearly.csv,primary pre-treatment-only matched panel,Use row's setting/dose/subset
logic_sio_integrity.csv,"agricultural SIO branch-years, not greening cells",Original join checked in v8 audit
measured_balance.csv,"concurrent-change matched sensitivity, with all-classified counts where labelled",Read n_treated versus n_treated_matched columns
measured_by_coast.csv,"concurrent-change matched sensitivity, with all-classified counts where labelled",Read n_treated versus n_treated_matched columns
measured_cluster_diagnostics.csv,"concurrent-change matched sensitivity, with all-classified counts where labelled",Read n_treated versus n_treated_matched columns
measured_dose.csv,"concurrent-change matched sensitivity, with all-classified counts where labelled",Read n_treated versus n_treated_matched columns
measured_estimates.csv,"concurrent-change matched sensitivity, with all-classified counts where labelled",Read n_treated versus n_treated_matched columns
measured_geographic_dose.csv,"concurrent-change matched sensitivity, with all-classified counts where labelled",Read n_treated versus n_treated_matched columns
measured_region_influence.csv,"concurrent-change matched sensitivity, with all-classified counts where labelled",Read n_treated versus n_treated_matched columns
measured_sensitivity.csv,"concurrent-change matched sensitivity, with all-classified counts where labelled",Read n_treated versus n_treated_matched columns
measured_yearly.csv,"concurrent-change matched sensitivity, with all-classified counts where labelled",Read n_treated versus n_treated_matched columns
model_cv.csv,held-out non-greened model sample,Absolute-LST skill; not effect validation
model_importance.csv,held-out non-greened model sample,Absolute-LST skill; not effect validation
pixel_isolation_by_dose_v8.csv,primary pre-treatment-only matched panel,Setting and dose are identified by row
population_retention.csv,"concurrent-change matched sensitivity, with all-classified counts where labelled",Read n_treated versus n_treated_matched columns
reviewer_9pixel_profiles.csv,mixed matching sensitivities,"Read specification, setting and subset columns; not interchangeable"
reviewer_baseline_only_mix.csv,mixed matching sensitivities,"Read specification, setting and subset columns; not interchangeable"
reviewer_caliper_by_dose.csv,mixed matching sensitivities,"Read specification, setting and subset columns; not interchangeable"
reviewer_caliper_lst_interaction.csv,mixed matching sensitivities,"Read specification, setting and subset columns; not interchangeable"
reviewer_dose_leverage.csv,mixed matching sensitivities,"Read specification, setting and subset columns; not interchangeable"
reviewer_holdout_coverage.csv,mixed matching sensitivities,"Read specification, setting and subset columns; not interchangeable"
reviewer_placebo_lst_terciles.csv,mixed matching sensitivities,"Read specification, setting and subset columns; not interchangeable"
sio_supply_depths.csv,"agricultural SIO branch-years, not greening cells",Original join checked in v8 audit
sio_workbook_join_audit_v8.csv,"agricultural SIO branch-years, not greening cells",Original join checked in v8 audit
structural_ratio_sensitivity.csv,hypothetical resource factors or narrower-sensitivity conversion,Not measured irrigation or net energy
test_by_coast.csv,concurrent-change matched sensitivity: 744 outside / 310 built-up,Model support not computed for primary population
test_by_dose.csv,concurrent-change matched sensitivity: 744 outside / 310 built-up,Model support not computed for primary population
test_by_setting.csv,concurrent-change matched sensitivity: 744 outside / 310 built-up,Model support not computed for primary population
test_region_holdouts.csv,concurrent-change matched sensitivity: 744 outside / 310 built-up,Model support not computed for primary population
test_support_coasts.csv,concurrent-change matched sensitivity: 744 outside / 310 built-up,Model support not computed for primary population
test_support_counts.csv,concurrent-change matched sensitivity: 744 outside / 310 built-up,Model support not computed for primary population
test_supported.csv,concurrent-change matched sensitivity: 744 outside / 310 built-up,Model support not computed for primary population
test_supported_by_dose.csv,concurrent-change matched sensitivity: 744 outside / 310 built-up,Model support not computed for primary population
water.csv,hypothetical resource factors or narrower-sensitivity conversion,Not measured irrigation or net energy
table_population_v8.csv,all table filenames in v8,Inventory metadata only; blinded key not opened
combined_exposure_effects_v8.csv,primary pre-treatment-only matched cells by setting and own-dose class,Own and own-plus-external denominators are descriptive
combined_exposure_fig5a_v8.csv,744/310 concurrent-change sensitivity matched population,Hypothetical irrigation ratios; no resource ranking
combined_exposure_isolation_v8.csv,primary outside matched isolation subsets by own-dose class,High-dose isolated samples are sparse or empty
combined_class_spread_v8_followup.csv,primary outside matched four own-dose classes,"Historical absolute class-slope spread, superseded by relative table"
isolation_covariates_v8_followup.csv,primary outside matched 1–2-pixel class,Baseline covariates by radius-defined isolation
isolation_reweighted_slopes_v8_followup.csv,primary outside matched 1–2-pixel class,Earlier three-continuous-covariate calibration
joint_exposure_regression_v8_followup2.csv,"primary outside matched cells, all and specified own-dose classes","Zero-intercept conditional association, not causal decomposition"
isolation_balance_v8_followup2.csv,primary outside matched 1–2-pixel class,Expanded calibration on three continuous and two binary margins
isolation_subgroups_v8_followup2.csv,primary outside matched 1–2-pixel class,Unweighted within-group comparisons; under-20 rows diagnostic
combined_class_relative_spread_v8_followup2.csv,primary outside matched four own-dose classes,Range divided by absolute mean class slope
table_population_v8_followup2.csv,all table CSV filenames through follow-up 2,Versioned inventory only; blinded key not opened
ring_exposure_regression_v8_followup3.csv,"primary outside matched treated cells, all/1–2/belt/non-belt groups","Four-column zero-intercept matched-contrast regression; descriptive, not causal ring response"
joint_exposure_collinearity_v8_followup3.csv,all 15 earlier primary-outside joint own/external regression rows,Uncentred design geometry and zero-external share; full rank does not identify causal split
isolation_subgroups_v8_followup3.csv,"primary outside matched 1–2-pixel cells by radius, own dose, and belt",Unweighted selected-site comparison; rows under 20 cells diagnostic only
table_population_v8_followup3.csv,all table CSV filenames through follow-up 3,Versioned inventory only; blinded imagery key not opened
ring_pair_collinearity_v8_followup4.csv,"primary outside matched treated, all/1–2/belt/non-belt groups",Pairwise external-ring geometry and three-/four-column condition numbers
ring_leave_one_block_out_v8_followup4.csv,"primary outside matched 1–2-pixel class, 32 separate treated-block deletions",Refitted matched contrasts; descriptive one-block leverage sensitivity
ring_leave_one_block_summary_v8_followup4.csv,same 32 primary outside 1–2-pixel block deletions,Range and largest change of the 0–90 m coefficient; not an interval
table_population_v8_followup4.csv,all table CSV filenames through follow-up 4,Versioned inventory only; blinded imagery key not opened
