Section,Quantity,Value
EDA,NDVI-LST Pearson r,-0.1511
EDA,NDBI-LST Pearson r,0.5291
EDA,NDVI-NDBI Pearson r,-0.6371
Training performance,"Inner tuning score (RandomizedSearchCV mean_test_score, GroupKFold)",0.5427
Training performance,"Nested GroupKFold CV R² (headline, outer-fold)",0.5427 ± 0.0190
Training performance,Nested GroupKFold CV outer folds,5
Nested spatial CV performance,Repeated spatial-holdout R² (mean ± 95% CI),0.5466 ± 0.0107
Nested spatial CV performance,"Repeated spatial-holdout RMSE (mean ± 95% CI, °C)",1.7608 ± 0.0101
Nested spatial CV performance,"Repeated spatial-holdout MAE (mean ± 95% CI, °C)",1.4039 ± 0.0106
Holdout performance,Single holdout RMSE (°C),1.7400
Holdout performance,Single holdout R²,0.5378
Holdout performance,Single holdout MAE (°C),1.3752
Holdout performance,Train R²,0.5845
Holdout performance,Train-test R² gap,0.0467
Calibration,Calibration slope,0.9852
Calibration,Calibration intercept (°C),0.8504
Calibration,Mean bias (°C),0.1100
Calibration,Recalibration applied,False
Calibration,Reporting note,Calibration diagnostics are reported descriptively only; no post-hoc recalibration was applied.  RMSE and MAE are reported once in the Confirmatory Holdout section and are not repeated here.  MACE is omitted because it is identical to MAE.
Bootstrap CI,rmse (point estimate),1.7400
Bootstrap CI,rmse 95% CI,1.7068-1.7745
Bootstrap CI,mae (point estimate),1.3752
Bootstrap CI,mae 95% CI,1.3476-1.4032
Bootstrap CI,bias (point estimate),0.1100
Bootstrap CI,bias 95% CI,0.0648-0.1579
Bootstrap CI,calibration_slope (point estimate),0.9852
Bootstrap CI,calibration_slope 95% CI,0.9617-1.0106
Bootstrap CI,calibration_intercept (point estimate),0.8504
Bootstrap CI,calibration_intercept 95% CI,-0.4365-2.0331
Residual diagnostics,Residual skewness,-0.1872
Residual diagnostics,Residual kurtosis (excess),0.2970
Residual diagnostics,Breusch-Pagan statistic,57.2008
Residual diagnostics,Breusch-Pagan p-value,3.93e-14
Residual diagnostics,Breusch-Pagan implementation,auxiliary-regression approximation (statsmodels unavailable)
Residual diagnostics,Spearman |residual| vs predicted (rho),-0.0964
Residual diagnostics,Spearman |residual| vs predicted (p),1.064e-12
Residual diagnostics,Global Moran's I (holdout residuals),0.5371
Residual diagnostics,Moran's I p-value,0
Interpretive Diagnostics,Holdout observations (n),5431
Interpretive Diagnostics,Approximate effective sample size (n_eff),1636
Interpretive Diagnostics,Approximate n_eff reduction,70%
Model comparison,Benchmark note,"XGBoost was optimized using RandomizedSearchCV. Benchmark models are included for contextual comparison and were intentionally not optimized to the same extent. Therefore, benchmark comparisons should be interpreted as contextual rather than evidence of global model superiority."
Feature importance,NDBI permutation importance (mean ± 95% CI),0.8129 ± 0.0022
Feature importance,Elevation permutation importance (mean ± 95% CI),0.3788 ± 0.0006
Feature importance,NDVI permutation importance (mean ± 95% CI),0.1551 ± 0.0007
Supplementary Diagnostics - Staircase,Scenario 1 mean jump (°C),0.00402
Supplementary Diagnostics - Staircase,Scenario 1 maximum jump (°C),0.12455
Supplementary Diagnostics - Staircase,Scenario 1 jump count (> 0.1°C),2
Supplementary Diagnostics - Staircase,Scenario 2 mean jump (°C),0.01052
Supplementary Diagnostics - Staircase,Scenario 2 maximum jump (°C),0.47550
Supplementary Diagnostics - Staircase,Scenario 2 jump count (> 0.1°C),10
Supplementary Diagnostics - Local Gradient,Scenario 1 median local derivative (°C/scenario%),0.00000
Supplementary Diagnostics - Local Gradient,Scenario 1 max local derivative (°C/scenario%),0.49818
Supplementary Diagnostics - Local Gradient,Scenario 1 min local derivative (°C/scenario%),-0.22737
Supplementary Diagnostics - Local Gradient,Scenario 2 median local derivative (°C/scenario%),0.00000
Supplementary Diagnostics - Local Gradient,Scenario 2 max local derivative (°C/scenario%),0.75287
Supplementary Diagnostics - Local Gradient,Scenario 2 min local derivative (°C/scenario%),-1.90201
Scenario diagnostics,S2 fraction warming (unclipped),68.58%
Scenario diagnostics,S2 fraction cooling (unclipped),30.67%
Scenario diagnostics,"S2 maximum cooling (unclipped, °C)",0.9055
Scenario diagnostics,"S2 maximum warming (unclipped, °C)",0.3798
Scenario diagnostics,S2 first cooling point (scenario %),69.50
Support diagnostics,Scenario 1 maximum NN distance,0.1590
Support diagnostics,Scenario 1 median NN distance,0.0588
Support diagnostics,Scenario 1 95th percentile NN dist,0.1407
Support diagnostics,Scenario 1 points beyond 95th pct,20
Support diagnostics,Scenario 2 maximum NN distance,0.1264
Support diagnostics,Scenario 2 median NN distance,0.0591
Support diagnostics,Scenario 2 95th percentile NN dist,0.1039
Support diagnostics,Scenario 2 points beyond 95th pct,20
Support diagnostics,Scenario 1 fully within dense support,True
Support diagnostics,Scenario 2 fully within dense support,True
Support diagnostics,Feature bounds check,PASS
Support diagnostics,kNN support check,PASS
Uncertainty diagnostics,N spatial refits,10
Uncertainty diagnostics,Peak S2 NEGI SD (scenario %),98.2
Uncertainty diagnostics,Peak S2 NEGI SD (value),0.1293
Uncertainty diagnostics,Peak S2 NEGI IQR (scenario %),99.0
Uncertainty diagnostics,Peak S2 NEGI IQR (Q75-Q25),0.2244
Residual diagnostics,Breusch-Pagan statistic,57.2008
Residual diagnostics,Breusch-Pagan p-value,3.93e-14
Supplementary Diagnostics - Smoothing,Smoothing robust,True
Supplementary Diagnostics - Smoothing,Peak location out-of-feature-bounds,False
NEGI scenario comparison,Feature support flag,OK: within training support
NEGI scenario comparison,Smoothing robust (Savgol),True
NEGI scenario comparison,Peak location OOD,False
Warnings,Warning 1,"Significant residual spatial autocorrelation detected (Moran's I = 0.5371, p = 0).  Confidence intervals should be interpreted accordingly."
Warnings,Warning 2,"Scenario 1: The highest evaluated NEGI occurs near the boundary of the explored scenario trajectory. This should be interpreted as the best-performing point within the evaluated scenario rather than evidence of a unique interior or global optimum.  Results are sensitive to cost-function parameters (w0, alpha, beta); see sensitivity analysis."
Warnings,Warning 3,Scenario 2: The highest evaluated NEGI occurs near the boundary of the explored scenario trajectory. This should be interpreted as the best-performing point within the evaluated scenario rather than evidence of a unique interior or global optimum.
Conclusions,Conclusion 1,"Residual spatial dependence remained after spatial-block validation, indicating that some spatially structured variation in LST remains unexplained. Point estimates remain valid, but local prediction errors may exhibit spatial correlation and predictive performance should be interpreted with appropriate caution."
Conclusions,Conclusion 2,"NDBI is the dominant predictor of LST in Jeddah (permutation importance = 0.813), substantially exceeding Elevation (0.379) and NDVI (0.155)."
Conclusions,Conclusion 3,"Only three predictors (NDBI, Elevation, and NDVI) were intentionally used in this model. The remaining unexplained variance likely reflects additional environmental processes not captured by these variables. Omitted variables such as building morphology, wind exposure, and land-use type are presented only as potential future work and do not represent demonstrated deficiencies of the current model."
Conclusions,Conclusion 4,"Spatial holdout R² = 0.538, RMSE = 1.74 °C.  Maximum predicted cooling (0.91 °C) is below the model RMSE; cooling-magnitude estimates should be interpreted with caution."
Conclusions,Conclusion 5,Scenario 1 Maximum Evaluated NEGI occurs at the trajectory boundary (0%).  No interior optimum is identifiable under greening-only conditions at the reference parameter values.
