mean_fit_time,std_fit_time,mean_score_time,std_score_time,param_subsample,param_reg_lambda,param_reg_alpha,param_n_estimators,param_min_child_weight,param_max_depth,param_learning_rate,param_gamma,param_colsample_bytree,params,split0_test_score,split1_test_score,split2_test_score,split3_test_score,split4_test_score,mean_test_score,std_test_score,rank_test_score
0.71553635597229,0.095575437048104,0.3565401554107666,0.03905138332841367,1.0,1,1.0,300,3,3,0.1,0.1,0.6,"{'subsample': 1.0, 'reg_lambda': 1, 'reg_alpha': 1.0, 'n_estimators': 300, 'min_child_weight': 3, 'max_depth': 3, 'learning_rate': 0.1, 'gamma': 0.1, 'colsample_bytree': 0.6}",0.5058979661704188,0.4911735831842978,0.49290759442151866,0.4840462610198466,0.41890590863773614,0.4785862626867636,0.030662767547493787,47
2.3415446281433105,0.2499467351377925,0.27269635200500486,0.057610397182264995,0.7,5,1.0,500,5,3,0.01,0.0,0.6,"{'subsample': 0.7, 'reg_lambda': 5, 'reg_alpha': 1.0, 'n_estimators': 500, 'min_child_weight': 5, 'max_depth': 3, 'learning_rate': 0.01, 'gamma': 0.0, 'colsample_bytree': 0.6}",0.47186470744115483,0.4596519192536157,0.4603325154442732,0.44445153957142947,0.4006639731749385,0.4473929309770823,0.024935239175636836,64
1.0511682510375977,0.08798607751124102,0.39095630645751955,0.16835571017770382,0.7,5,1.0,200,5,4,0.1,0.3,1.0,"{'subsample': 0.7, 'reg_lambda': 5, 'reg_alpha': 1.0, 'n_estimators': 200, 'min_child_weight': 5, 'max_depth': 4, 'learning_rate': 0.1, 'gamma': 0.3, 'colsample_bytree': 1.0}",0.549530188137723,0.5483773568216458,0.5437020075613088,0.5359305754831278,0.47453470374444906,0.5304149663496509,0.028346464797485805,12
0.5785604000091553,0.0645712726551705,0.06780333518981933,0.0839602366448182,0.9,5,0.1,100,1,4,0.03,0.0,1.0,"{'subsample': 0.9, 'reg_lambda': 5, 'reg_alpha': 0.1, 'n_estimators': 100, 'min_child_weight': 1, 'max_depth': 4, 'learning_rate': 0.03, 'gamma': 0.0, 'colsample_bytree': 1.0}",0.5243101561039814,0.527264606285741,0.5278555134137422,0.5088520891920759,0.46286656659984704,0.5102297863190774,0.02467501080744532,32
1.842947769165039,0.1724984946519107,0.11104054450988769,0.0434914881840317,0.8,1,0.0,300,3,6,0.05,0.0,0.6,"{'subsample': 0.8, 'reg_lambda': 1, 'reg_alpha': 0.0, 'n_estimators': 300, 'min_child_weight': 3, 'max_depth': 6, 'learning_rate': 0.05, 'gamma': 0.0, 'colsample_bytree': 0.6}",0.5010703183462075,0.4856222922160909,0.4900023036415997,0.4781371924697029,0.4170404370357208,0.4743745087418644,0.029613376788821533,54
0.9521430492401123,0.05806048125287672,0.040568208694458006,0.008776077647813376,0.9,2,0.0,200,1,3,0.03,0.1,0.8,"{'subsample': 0.9, 'reg_lambda': 2, 'reg_alpha': 0.0, 'n_estimators': 200, 'min_child_weight': 1, 'max_depth': 3, 'learning_rate': 0.03, 'gamma': 0.1, 'colsample_bytree': 0.8}",0.5276577208879603,0.5229776320323598,0.5221739073297635,0.5057880589186226,0.4496583046300222,0.5056511247597456,0.02895760738844913,39
0.7483227252960205,0.15243617384519262,0.08220524787902832,0.05088889168211596,1.0,2,1.0,200,1,4,0.01,0.3,0.8,"{'subsample': 1.0, 'reg_lambda': 2, 'reg_alpha': 1.0, 'n_estimators': 200, 'min_child_weight': 1, 'max_depth': 4, 'learning_rate': 0.01, 'gamma': 0.3, 'colsample_bytree': 0.8}",0.4709084755427059,0.4657465000172609,0.4663655824928574,0.45409199964034686,0.41105851943350225,0.45363421542533466,0.02200043028498701,62
1.0386657238006591,0.14295235525333452,0.0598635196685791,0.005622859477914313,1.0,5,1.0,200,3,6,0.1,0.0,1.0,"{'subsample': 1.0, 'reg_lambda': 5, 'reg_alpha': 1.0, 'n_estimators': 200, 'min_child_weight': 3, 'max_depth': 6, 'learning_rate': 0.1, 'gamma': 0.0, 'colsample_bytree': 1.0}",0.5506917689213715,0.5464261056545401,0.5530734316613466,0.5418626987381573,0.47882586458799836,0.5341759739126827,0.027938043820645367,6
0.6259650230407715,0.11982651992683777,0.04181380271911621,0.004635030075564951,1.0,1,0.0,200,1,4,0.1,0.1,0.6,"{'subsample': 1.0, 'reg_lambda': 1, 'reg_alpha': 0.0, 'n_estimators': 200, 'min_child_weight': 1, 'max_depth': 4, 'learning_rate': 0.1, 'gamma': 0.1, 'colsample_bytree': 0.6}",0.5052689649133757,0.48999489609911584,0.4916745358833806,0.48203115140657904,0.4190195457404059,0.47759781880857133,0.030227809478288382,49
0.6827268123626709,0.028594044353697376,0.02885293960571289,0.0022700464074409538,0.9,1,0.1,200,1,2,0.1,0.1,0.8,"{'subsample': 0.9, 'reg_lambda': 1, 'reg_alpha': 0.1, 'n_estimators': 200, 'min_child_weight': 1, 'max_depth': 2, 'learning_rate': 0.1, 'gamma': 0.1, 'colsample_bytree': 0.8}",0.5220848429910747,0.5138628629977531,0.516015985549632,0.5078604684959016,0.4405192991504461,0.5000686918369615,0.030120252984487953,44
1.999730157852173,0.15267880690440513,0.06963796615600586,0.008112999467247846,0.8,5,0.0,500,3,2,0.1,0.1,1.0,"{'subsample': 0.8, 'reg_lambda': 5, 'reg_alpha': 0.0, 'n_estimators': 500, 'min_child_weight': 3, 'max_depth': 2, 'learning_rate': 0.1, 'gamma': 0.1, 'colsample_bytree': 1.0}",0.5314196506304516,0.5212631478019303,0.520036423338053,0.5169344774567537,0.4523029424717879,0.5083913283397953,0.028462213643424356,34
0.41597862243652345,0.06894645476080848,0.021736955642700194,0.004646157238889682,0.7,5,0.1,100,1,2,0.05,0.1,1.0,"{'subsample': 0.7, 'reg_lambda': 5, 'reg_alpha': 0.1, 'n_estimators': 100, 'min_child_weight': 1, 'max_depth': 2, 'learning_rate': 0.05, 'gamma': 0.1, 'colsample_bytree': 1.0}",0.4947472421465269,0.4880634952911237,0.4940990046963839,0.47468883601105893,0.43017399308531146,0.476354514246081,0.02418956236370063,53
0.895216989517212,0.07289010865042879,0.034488677978515625,0.0024788414960709316,0.8,1,0.1,200,5,3,0.01,0.0,0.6,"{'subsample': 0.8, 'reg_lambda': 1, 'reg_alpha': 0.1, 'n_estimators': 200, 'min_child_weight': 5, 'max_depth': 3, 'learning_rate': 0.01, 'gamma': 0.0, 'colsample_bytree': 0.6}",0.36165658660224,0.35083553117697075,0.3510333767354844,0.34201090962259006,0.3076626474687395,0.34263981032120494,0.01856371199365094,77
1.6487664222717284,0.1396086895125033,0.1111490249633789,0.020745551947338355,1.0,5,0.0,500,1,5,0.1,0.0,1.0,"{'subsample': 1.0, 'reg_lambda': 5, 'reg_alpha': 0.0, 'n_estimators': 500, 'min_child_weight': 1, 'max_depth': 5, 'learning_rate': 0.1, 'gamma': 0.0, 'colsample_bytree': 1.0}",0.5371842746234692,0.5359527144050373,0.5381580666819628,0.5291807326685474,0.46270843979038934,0.5206368456338811,0.029134462887192233,27
0.23664002418518065,0.050850118548811454,0.021045684814453125,0.002837368890813892,1.0,1,1.0,100,5,2,0.03,0.1,1.0,"{'subsample': 1.0, 'reg_lambda': 1, 'reg_alpha': 1.0, 'n_estimators': 100, 'min_child_weight': 5, 'max_depth': 2, 'learning_rate': 0.03, 'gamma': 0.1, 'colsample_bytree': 1.0}",0.44756326896801213,0.4525682024027714,0.4528089785600593,0.43451326615109287,0.40355787784977637,0.43820231878634247,0.018553743057843932,67
1.9706362724304198,0.22420903048257043,0.08657183647155761,0.020876969010382843,0.8,2,0.1,500,1,2,0.05,0.1,1.0,"{'subsample': 0.8, 'reg_lambda': 2, 'reg_alpha': 0.1, 'n_estimators': 500, 'min_child_weight': 1, 'max_depth': 2, 'learning_rate': 0.05, 'gamma': 0.1, 'colsample_bytree': 1.0}",0.5298033306694077,0.5216223309527008,0.5200227176525185,0.5128645917331907,0.4521055304922248,0.5072837003000086,0.028109747123024154,36
0.5271590709686279,0.05133857693927002,0.022376060485839844,0.0017361491238546715,0.8,1,0.0,100,3,4,0.1,0.1,1.0,"{'subsample': 0.8, 'reg_lambda': 1, 'reg_alpha': 0.0, 'n_estimators': 100, 'min_child_weight': 3, 'max_depth': 4, 'learning_rate': 0.1, 'gamma': 0.1, 'colsample_bytree': 1.0}",0.5526130663937143,0.5495455256310628,0.5466912653809505,0.5370495365081118,0.47919713728685354,0.5330193062401386,0.02741175827235346,8
1.2446987628936768,0.12477874245274789,0.09642181396484376,0.015190217922178308,1.0,2,0.1,500,1,4,0.05,0.0,0.6,"{'subsample': 1.0, 'reg_lambda': 2, 'reg_alpha': 0.1, 'n_estimators': 500, 'min_child_weight': 1, 'max_depth': 4, 'learning_rate': 0.05, 'gamma': 0.0, 'colsample_bytree': 0.6}",0.5049288291920822,0.48917088374342077,0.4914366404820014,0.48213298879202926,0.41810203527634904,0.47715427549717654,0.030436048749551286,51
2.9488625049591066,0.32317101476151183,0.23445167541503906,0.11444426390669996,1.0,2,1.0,500,1,6,0.01,0.0,1.0,"{'subsample': 1.0, 'reg_lambda': 2, 'reg_alpha': 1.0, 'n_estimators': 500, 'min_child_weight': 1, 'max_depth': 6, 'learning_rate': 0.01, 'gamma': 0.0, 'colsample_bytree': 1.0}",0.5605680409683229,0.5572423307189174,0.5601517777737626,0.5449607141217032,0.48868732377770585,0.5423220374720824,0.027411955643188705,2
0.9301369667053223,0.04028998111738329,0.03816680908203125,0.0021316094710244747,0.8,1,0.0,200,3,3,0.03,0.0,0.8,"{'subsample': 0.8, 'reg_lambda': 1, 'reg_alpha': 0.0, 'n_estimators': 200, 'min_child_weight': 3, 'max_depth': 3, 'learning_rate': 0.03, 'gamma': 0.0, 'colsample_bytree': 0.8}",0.5280121393230652,0.5234311230595217,0.5231479264975072,0.5082316935929512,0.4512186158729321,0.5068082996691954,0.028583713800876924,38
1.7966804027557373,0.2166620452058351,0.11163549423217774,0.06764718966353991,0.7,2,0.0,300,3,3,0.03,0.3,1.0,"{'subsample': 0.7, 'reg_lambda': 2, 'reg_alpha': 0.0, 'n_estimators': 300, 'min_child_weight': 3, 'max_depth': 3, 'learning_rate': 0.03, 'gamma': 0.3, 'colsample_bytree': 1.0}",0.540473369226717,0.536662776659067,0.5367139537783392,0.5249437601533653,0.46734700709317534,0.5212281733821328,0.027442301658589508,26
0.6566346168518067,0.06454373308550408,0.04222450256347656,0.005914080301264903,0.9,1,1.0,100,3,6,0.1,0.3,0.6,"{'subsample': 0.9, 'reg_lambda': 1, 'reg_alpha': 1.0, 'n_estimators': 100, 'min_child_weight': 3, 'max_depth': 6, 'learning_rate': 0.1, 'gamma': 0.3, 'colsample_bytree': 0.6}",0.5004826777946394,0.48594216693959336,0.4889345786589814,0.47654105319820017,0.41798094009029507,0.4739762833363419,0.02902267536334865,55
1.774689292907715,0.2016694427851651,0.12189311981201172,0.02361877223683397,1.0,5,1.0,500,3,4,0.01,0.3,0.6,"{'subsample': 1.0, 'reg_lambda': 5, 'reg_alpha': 1.0, 'n_estimators': 500, 'min_child_weight': 3, 'max_depth': 4, 'learning_rate': 0.01, 'gamma': 0.3, 'colsample_bytree': 0.6}",0.47061963869258827,0.45818942300397947,0.46021903966492816,0.444594228361217,0.40125268152708915,0.44697500224996034,0.024316394835566024,65
0.37036910057067873,0.10275781280137444,0.027458810806274415,0.0036789051808127724,1.0,5,0.0,100,3,3,0.03,0.0,0.6,"{'subsample': 1.0, 'reg_lambda': 5, 'reg_alpha': 0.0, 'n_estimators': 100, 'min_child_weight': 3, 'max_depth': 3, 'learning_rate': 0.03, 'gamma': 0.0, 'colsample_bytree': 0.6}",0.4179801687620991,0.40632673670134045,0.40745850910781845,0.3951214113052509,0.3554879639663201,0.3964749579685658,0.021734469383963926,71
2.957290506362915,0.6758481936310807,0.1538625717163086,0.08707686288743247,0.9,1,0.0,500,5,3,0.1,0.0,1.0,"{'subsample': 0.9, 'reg_lambda': 1, 'reg_alpha': 0.0, 'n_estimators': 500, 'min_child_weight': 5, 'max_depth': 3, 'learning_rate': 0.1, 'gamma': 0.0, 'colsample_bytree': 1.0}",0.5383199171755104,0.5321702849110554,0.5316104412224307,0.5262043235788687,0.46231107277082284,0.5181232079317376,0.02816888978678601,29
1.672968292236328,0.36881971965964194,0.04780988693237305,0.005524478923639229,0.8,1,1.0,200,1,4,0.05,0.1,1.0,"{'subsample': 0.8, 'reg_lambda': 1, 'reg_alpha': 1.0, 'n_estimators': 200, 'min_child_weight': 1, 'max_depth': 4, 'learning_rate': 0.05, 'gamma': 0.1, 'colsample_bytree': 1.0}",0.5509346328482712,0.5508873320252881,0.5479898086397881,0.5370472245927961,0.4807969599546723,0.5335311916121632,0.026856763243835267,7
1.307382869720459,0.19489269810433696,0.04768686294555664,0.0032971319207320167,0.8,1,1.0,200,5,4,0.01,0.1,0.8,"{'subsample': 0.8, 'reg_lambda': 1, 'reg_alpha': 1.0, 'n_estimators': 200, 'min_child_weight': 5, 'max_depth': 4, 'learning_rate': 0.01, 'gamma': 0.1, 'colsample_bytree': 0.8}",0.4744511202844708,0.4686905887820555,0.4713623677564992,0.4563729042366015,0.41495625823841686,0.45716664785960875,0.021979170528901762,61
0.5094752788543702,0.042263084116959254,0.04166998863220215,0.004267698790369876,1.0,2,0.0,200,1,3,0.1,0.1,1.0,"{'subsample': 1.0, 'reg_lambda': 2, 'reg_alpha': 0.0, 'n_estimators': 200, 'min_child_weight': 1, 'max_depth': 3, 'learning_rate': 0.1, 'gamma': 0.1, 'colsample_bytree': 1.0}",0.541471488995501,0.5372093842926158,0.5393832034567172,0.5287700201481518,0.4689176713747142,0.52315035365354,0.027457568115651334,20
0.535642147064209,0.044093844117532026,0.024956464767456055,0.003851412032461036,0.9,2,0.0,100,5,3,0.05,0.0,1.0,"{'subsample': 0.9, 'reg_lambda': 2, 'reg_alpha': 0.0, 'n_estimators': 100, 'min_child_weight': 5, 'max_depth': 3, 'learning_rate': 0.05, 'gamma': 0.0, 'colsample_bytree': 1.0}",0.5256636062972668,0.5212802600544904,0.524851147318657,0.5092203280413068,0.45836197290525293,0.5078754629233948,0.02544670842158103,35
3.1260005950927736,0.5875748788873764,0.21621484756469728,0.06384792151584852,1.0,5,0.1,500,3,6,0.05,0.1,1.0,"{'subsample': 1.0, 'reg_lambda': 5, 'reg_alpha': 0.1, 'n_estimators': 500, 'min_child_weight': 3, 'max_depth': 6, 'learning_rate': 0.05, 'gamma': 0.1, 'colsample_bytree': 1.0}",0.5501203105538123,0.5441514507999992,0.5515252333046264,0.5388169264180502,0.47586957611032354,0.5320966994373624,0.028475555708816064,10
0.49121389389038084,0.14067797705796325,0.041427898406982425,0.009344170621311269,1.0,1,0.1,100,1,5,0.05,0.0,0.8,"{'subsample': 1.0, 'reg_lambda': 1, 'reg_alpha': 0.1, 'n_estimators': 100, 'min_child_weight': 1, 'max_depth': 5, 'learning_rate': 0.05, 'gamma': 0.0, 'colsample_bytree': 0.8}",0.5411506061341401,0.5383584756629715,0.5374505703870018,0.5218655822333901,0.46740494520642983,0.5212460359247866,0.027751977707976203,25
0.5809433460235596,0.17135022898114866,0.030137062072753906,0.007347796459821967,0.9,2,0.1,100,3,3,0.03,0.1,0.6,"{'subsample': 0.9, 'reg_lambda': 2, 'reg_alpha': 0.1, 'n_estimators': 100, 'min_child_weight': 3, 'max_depth': 3, 'learning_rate': 0.03, 'gamma': 0.1, 'colsample_bytree': 0.6}",0.42604687008390774,0.41387724814154836,0.41517334137704975,0.40236722776069955,0.3583636925826018,0.4031656759891614,0.023623404013731437,70
4.220420026779175,0.4177979420299504,0.16104435920715332,0.005072583397375956,0.7,5,0.0,500,5,6,0.1,0.1,1.0,"{'subsample': 0.7, 'reg_lambda': 5, 'reg_alpha': 0.0, 'n_estimators': 500, 'min_child_weight': 5, 'max_depth': 6, 'learning_rate': 0.1, 'gamma': 0.1, 'colsample_bytree': 1.0}",0.5259782273636009,0.5252779616198151,0.5247586735563479,0.5183860506774876,0.440849319028191,0.5070500464490885,0.03321195477881399,37
1.0493932723999024,0.3076033570613361,0.05985469818115234,0.027727832485327415,0.9,1,0.0,100,1,6,0.03,0.0,0.6,"{'subsample': 0.9, 'reg_lambda': 1, 'reg_alpha': 0.0, 'n_estimators': 100, 'min_child_weight': 1, 'max_depth': 6, 'learning_rate': 0.03, 'gamma': 0.0, 'colsample_bytree': 0.6}",0.42828189765459734,0.41482352574577286,0.4193434057694121,0.40551545005001643,0.3625503060961698,0.4061029170631937,0.02298017309153495,68
2.5687941551208495,0.3311528999127369,0.09013762474060058,0.005958730562924377,0.9,1,1.0,500,1,3,0.1,0.1,0.8,"{'subsample': 0.9, 'reg_lambda': 1, 'reg_alpha': 1.0, 'n_estimators': 500, 'min_child_weight': 1, 'max_depth': 3, 'learning_rate': 0.1, 'gamma': 0.1, 'colsample_bytree': 0.8}",0.5381547724094248,0.5305174269811543,0.52605449904518,0.5215975367432709,0.4504320558157864,0.5133512581989633,0.031931461395337694,31
2.2019257068634035,0.32411518937388323,0.1538248062133789,0.016965999830575475,1.0,2,0.0,500,3,6,0.01,0.1,0.6,"{'subsample': 1.0, 'reg_lambda': 2, 'reg_alpha': 0.0, 'n_estimators': 500, 'min_child_weight': 3, 'max_depth': 6, 'learning_rate': 0.01, 'gamma': 0.1, 'colsample_bytree': 0.6}",0.4700049494098497,0.4557191279563154,0.4605063555678134,0.44355084911992904,0.4022871361553225,0.44641368364184597,0.023652021186442038,66
0.516701078414917,0.09306907903875697,0.02116990089416504,0.0030322945954657427,0.7,5,0.0,100,3,2,0.01,0.1,0.6,"{'subsample': 0.7, 'reg_lambda': 5, 'reg_alpha': 0.0, 'n_estimators': 100, 'min_child_weight': 3, 'max_depth': 2, 'learning_rate': 0.01, 'gamma': 0.1, 'colsample_bytree': 0.6}",0.2381343907044725,0.23419561348638962,0.23030982896079333,0.2265356643997607,0.19952975000429662,0.22574104951114257,0.013664640048418261,80
1.365870189666748,0.1412489092247409,0.06745996475219726,0.027071109482790904,0.8,1,1.0,300,1,3,0.05,0.3,1.0,"{'subsample': 0.8, 'reg_lambda': 1, 'reg_alpha': 1.0, 'n_estimators': 300, 'min_child_weight': 1, 'max_depth': 3, 'learning_rate': 0.05, 'gamma': 0.3, 'colsample_bytree': 1.0}",0.5438635309647839,0.5394652579997793,0.5377201870691732,0.5293188685092236,0.4700970112914201,0.524092971166876,0.027407141172869978,18
1.9054378986358642,0.13956745753483973,0.10842089653015137,0.0101078401269138,0.8,2,0.1,300,3,6,0.1,0.1,0.8,"{'subsample': 0.8, 'reg_lambda': 2, 'reg_alpha': 0.1, 'n_estimators': 300, 'min_child_weight': 3, 'max_depth': 6, 'learning_rate': 0.1, 'gamma': 0.1, 'colsample_bytree': 0.8}",0.5294064308837088,0.5277136650660188,0.5270709849240518,0.5176144554821518,0.4475223078317604,0.5098655688375382,0.031442498654732386,33
1.7781035423278808,0.18124101274484894,0.08423237800598145,0.026840580714939378,0.7,2,0.1,300,1,4,0.1,0.3,1.0,"{'subsample': 0.7, 'reg_lambda': 2, 'reg_alpha': 0.1, 'n_estimators': 300, 'min_child_weight': 1, 'max_depth': 4, 'learning_rate': 0.1, 'gamma': 0.3, 'colsample_bytree': 1.0}",0.5469830188783186,0.5438426114288738,0.540461961329941,0.5334311257702986,0.46948756559946214,0.5268412566013788,0.029028029551110193,15
2.1787307262420654,0.17986440072179324,0.0726555347442627,0.01116183290413505,0.8,2,1.0,500,1,2,0.1,0.3,0.6,"{'subsample': 0.8, 'reg_lambda': 2, 'reg_alpha': 1.0, 'n_estimators': 500, 'min_child_weight': 1, 'max_depth': 2, 'learning_rate': 0.1, 'gamma': 0.3, 'colsample_bytree': 0.6}",0.5061128262886088,0.49150074140210065,0.4921667211190951,0.4849894549289847,0.41716430178465647,0.47838680910468917,0.03137637187037855,48
1.297343635559082,0.1025400763947859,0.04453864097595215,0.005989934794586602,0.7,1,0.0,200,5,4,0.1,0.1,1.0,"{'subsample': 0.7, 'reg_lambda': 1, 'reg_alpha': 0.0, 'n_estimators': 200, 'min_child_weight': 5, 'max_depth': 4, 'learning_rate': 0.1, 'gamma': 0.1, 'colsample_bytree': 1.0}",0.5482740955576111,0.5469068998666639,0.5421161071250922,0.5354782486914347,0.4745416812218165,0.5294634064925237,0.027823668165370668,13
0.4658794403076172,0.13237465260299963,0.036182594299316403,0.010665789324286282,1.0,5,0.0,100,3,6,0.05,0.3,0.6,"{'subsample': 1.0, 'reg_lambda': 5, 'reg_alpha': 0.0, 'n_estimators': 100, 'min_child_weight': 3, 'max_depth': 6, 'learning_rate': 0.05, 'gamma': 0.3, 'colsample_bytree': 0.6}",0.47219110212701443,0.4585418899609167,0.4626448581135263,0.4480611738920276,0.40365456139605593,0.44901871709790814,0.023967250488224224,63
0.3727043628692627,0.06697984218955871,0.025498247146606444,0.002966953808245742,1.0,1,1.0,100,3,4,0.05,0.3,0.8,"{'subsample': 1.0, 'reg_lambda': 1, 'reg_alpha': 1.0, 'n_estimators': 100, 'min_child_weight': 3, 'max_depth': 4, 'learning_rate': 0.05, 'gamma': 0.3, 'colsample_bytree': 0.8}",0.5338732986181449,0.5307531449891172,0.5312761074095131,0.5147215292445964,0.4611421409420495,0.5143532442406842,0.027451519860985693,30
0.4712658882141113,0.0382655222638628,0.047121429443359376,0.011882491227407477,1.0,5,0.1,100,5,6,0.1,0.1,0.6,"{'subsample': 1.0, 'reg_lambda': 5, 'reg_alpha': 0.1, 'n_estimators': 100, 'min_child_weight': 5, 'max_depth': 6, 'learning_rate': 0.1, 'gamma': 0.1, 'colsample_bytree': 0.6}",0.49800736441644655,0.48461257446003214,0.48811687149496163,0.47510082386807706,0.419712681812185,0.4731100632103405,0.027686210052893474,57
1.4409905910491942,0.17412828979568154,0.046744155883789065,0.006191701774031114,0.7,2,1.0,200,1,5,0.01,0.1,0.8,"{'subsample': 0.7, 'reg_lambda': 2, 'reg_alpha': 1.0, 'n_estimators': 200, 'min_child_weight': 1, 'max_depth': 5, 'learning_rate': 0.01, 'gamma': 0.1, 'colsample_bytree': 0.8}",0.4870349320405354,0.4797231009626476,0.4828122230278008,0.4680810332633266,0.42308489066216803,0.46814723599129576,0.023394131341116484,60
0.6567205429077149,0.11192422707020283,0.02497091293334961,0.0054340421015325385,0.8,2,0.1,100,3,2,0.1,0.1,1.0,"{'subsample': 0.8, 'reg_lambda': 2, 'reg_alpha': 0.1, 'n_estimators': 100, 'min_child_weight': 3, 'max_depth': 2, 'learning_rate': 0.1, 'gamma': 0.1, 'colsample_bytree': 1.0}",0.5229436726734221,0.513645280537949,0.516080928815657,0.5007353745793948,0.4471839095731953,0.5001178332359236,0.02742704077608696,43
0.5130510330200195,0.14584452330720585,0.03357143402099609,0.004506963824275886,1.0,5,1.0,200,5,2,0.01,0.3,1.0,"{'subsample': 1.0, 'reg_lambda': 5, 'reg_alpha': 1.0, 'n_estimators': 200, 'min_child_weight': 5, 'max_depth': 2, 'learning_rate': 0.01, 'gamma': 0.3, 'colsample_bytree': 1.0}",0.4005850537909059,0.4085528029302501,0.40772292934451737,0.3881165377328003,0.3670959858876218,0.3944146619372191,0.015498691411523434,72
0.6263041973114014,0.14171262101812895,0.018284177780151366,0.001758782237310212,0.8,2,0.1,100,1,2,0.03,0.3,0.6,"{'subsample': 0.8, 'reg_lambda': 2, 'reg_alpha': 0.1, 'n_estimators': 100, 'min_child_weight': 1, 'max_depth': 2, 'learning_rate': 0.03, 'gamma': 0.3, 'colsample_bytree': 0.6}",0.41450823918579605,0.40438280857384046,0.40466807695221674,0.3924610616602062,0.34984505046706205,0.39317304736782427,0.022763159272965284,73
0.7969455718994141,0.10543715818371328,0.032589054107666014,0.0009355925946934389,0.8,2,1.0,100,1,6,0.05,0.1,1.0,"{'subsample': 0.8, 'reg_lambda': 2, 'reg_alpha': 1.0, 'n_estimators': 100, 'min_child_weight': 1, 'max_depth': 6, 'learning_rate': 0.05, 'gamma': 0.1, 'colsample_bytree': 1.0}",0.5611611216890602,0.5583917185088405,0.5591362634264008,0.5462566161854412,0.4885047018380728,0.542690084329563,0.02759338025378241,1
0.5518290519714355,0.028849894249774233,0.027361488342285155,0.0011876451737247947,0.8,2,0.0,100,5,5,0.1,0.3,1.0,"{'subsample': 0.8, 'reg_lambda': 2, 'reg_alpha': 0.0, 'n_estimators': 100, 'min_child_weight': 5, 'max_depth': 5, 'learning_rate': 0.1, 'gamma': 0.3, 'colsample_bytree': 1.0}",0.5544359638357719,0.5546670299753881,0.5518604414193684,0.5411491233208501,0.4840773369041149,0.5372379790910987,0.027035938398602938,3
0.3315133094787598,0.03137479130511263,0.024572372436523438,0.0013005777764529105,1.0,1,0.0,100,5,4,0.01,0.0,1.0,"{'subsample': 1.0, 'reg_lambda': 1, 'reg_alpha': 0.0, 'n_estimators': 100, 'min_child_weight': 5, 'max_depth': 4, 'learning_rate': 0.01, 'gamma': 0.0, 'colsample_bytree': 1.0}",0.3976938914675221,0.40364410347814417,0.40541767944923546,0.3914457305340613,0.35258370485561585,0.3901570219569158,0.019416530920170604,74
0.6742093086242675,0.04426709448676693,0.03490300178527832,0.00703087268749487,0.8,2,0.0,100,3,6,0.05,0.1,0.8,"{'subsample': 0.8, 'reg_lambda': 2, 'reg_alpha': 0.0, 'n_estimators': 100, 'min_child_weight': 3, 'max_depth': 6, 'learning_rate': 0.05, 'gamma': 0.1, 'colsample_bytree': 0.8}",0.5436708911738,0.5395494344614915,0.539183575490741,0.5239721417902935,0.46746285123648545,0.5227677788305624,0.028453920494941654,21
0.9946289539337159,0.06119151311225632,0.040705204010009766,0.003852443706707229,0.7,5,0.0,200,3,4,0.01,0.1,0.6,"{'subsample': 0.7, 'reg_lambda': 5, 'reg_alpha': 0.0, 'n_estimators': 200, 'min_child_weight': 3, 'max_depth': 4, 'learning_rate': 0.01, 'gamma': 0.1, 'colsample_bytree': 0.6}",0.3634431402881645,0.3521623827557431,0.35527074212963683,0.3453030838097757,0.3099206226178316,0.3452199943202303,0.01858682266625389,76
1.8561554431915284,0.16887527790366375,0.06677942276000977,0.0025529956764011917,0.9,1,0.0,500,5,2,0.03,0.3,0.8,"{'subsample': 0.9, 'reg_lambda': 1, 'reg_alpha': 0.0, 'n_estimators': 500, 'min_child_weight': 5, 'max_depth': 2, 'learning_rate': 0.03, 'gamma': 0.3, 'colsample_bytree': 0.8}",0.5253334936422727,0.5175863324526746,0.5176102183739716,0.5049273039077777,0.44197381355233734,0.5014862323858068,0.03046787483357984,41
2.3800686836242675,0.22034213765576194,0.08672885894775391,0.005572726790772887,0.8,1,0.1,500,3,4,0.03,0.3,1.0,"{'subsample': 0.8, 'reg_lambda': 1, 'reg_alpha': 0.1, 'n_estimators': 500, 'min_child_weight': 3, 'max_depth': 4, 'learning_rate': 0.03, 'gamma': 0.3, 'colsample_bytree': 1.0}",0.5522412022939349,0.5495005866201226,0.5460986921300439,0.5377710777807698,0.4794103010401072,0.5330043719729958,0.027234859582062555,9
1.6320153713226317,0.22182697476673857,0.09322233200073242,0.009791308211491254,1.0,1,0.0,300,5,6,0.01,0.3,1.0,"{'subsample': 1.0, 'reg_lambda': 1, 'reg_alpha': 0.0, 'n_estimators': 300, 'min_child_weight': 5, 'max_depth': 6, 'learning_rate': 0.01, 'gamma': 0.3, 'colsample_bytree': 1.0}",0.5534078666769593,0.5520078589451352,0.5555090150610114,0.5367387528255271,0.48287961547733516,0.5361086217971935,0.027430454072070218,5
0.5506634712219238,0.06964396217089394,0.02866053581237793,0.0028663551074318925,0.8,5,1.0,100,1,4,0.05,0.1,1.0,"{'subsample': 0.8, 'reg_lambda': 5, 'reg_alpha': 1.0, 'n_estimators': 100, 'min_child_weight': 1, 'max_depth': 4, 'learning_rate': 0.05, 'gamma': 0.1, 'colsample_bytree': 1.0}",0.5429070217047868,0.5435559347182202,0.5432307361549797,0.5284586704703669,0.4725118353827278,0.5261328396862163,0.0274149487611929,16
0.8355226993560791,0.12139816805665535,0.0316220760345459,0.008846536152499236,0.8,5,0.1,200,5,2,0.03,0.1,0.8,"{'subsample': 0.8, 'reg_lambda': 5, 'reg_alpha': 0.1, 'n_estimators': 200, 'min_child_weight': 5, 'max_depth': 2, 'learning_rate': 0.03, 'gamma': 0.1, 'colsample_bytree': 0.8}",0.5008891835489979,0.49539662612019997,0.49615311247005967,0.47821701200558997,0.4318455334140855,0.4805002935117866,0.02551516160274841,46
0.761226224899292,0.11163205461269038,0.02904653549194336,0.004961153357598534,0.9,1,1.0,200,3,2,0.1,0.0,0.8,"{'subsample': 0.9, 'reg_lambda': 1, 'reg_alpha': 1.0, 'n_estimators': 200, 'min_child_weight': 3, 'max_depth': 2, 'learning_rate': 0.1, 'gamma': 0.0, 'colsample_bytree': 0.8}",0.5212929842632762,0.5132708563999273,0.5157172064734561,0.5084197264278496,0.43910802675709293,0.49956176006432046,0.03051000267152229,45
0.42542109489440916,0.05284261610110833,0.020528602600097656,0.0015104945990405323,0.9,1,0.1,100,5,3,0.03,0.1,0.6,"{'subsample': 0.9, 'reg_lambda': 1, 'reg_alpha': 0.1, 'n_estimators': 100, 'min_child_weight': 5, 'max_depth': 3, 'learning_rate': 0.03, 'gamma': 0.1, 'colsample_bytree': 0.6}",0.4263996303016748,0.41393516424069987,0.41524691745178455,0.40247717606029476,0.35840703735078694,0.4032931850810482,0.023687479298330833,69
1.4140915393829345,0.0371206424685608,0.06368107795715332,0.003997291803470557,0.8,2,0.0,300,3,5,0.05,0.1,0.8,"{'subsample': 0.8, 'reg_lambda': 2, 'reg_alpha': 0.0, 'n_estimators': 300, 'min_child_weight': 3, 'max_depth': 5, 'learning_rate': 0.05, 'gamma': 0.1, 'colsample_bytree': 0.8}",0.5462983862534921,0.5436845807696125,0.539308936450435,0.5293947419008651,0.4645728885989867,0.5246519067946783,0.030586350492104925,17
0.4858852386474609,0.023323717428950983,0.02483224868774414,0.0008057929049091945,0.7,5,0.0,100,3,4,0.01,0.0,0.6,"{'subsample': 0.7, 'reg_lambda': 5, 'reg_alpha': 0.0, 'n_estimators': 100, 'min_child_weight': 3, 'max_depth': 4, 'learning_rate': 0.01, 'gamma': 0.0, 'colsample_bytree': 0.6}",0.25535040249087704,0.24472202735702575,0.24961403642912539,0.24349161317639478,0.21385767123733135,0.24140715013815087,0.014394960601582138,79
0.4320067882537842,0.0308213149705798,0.025915193557739257,0.001044358086742806,1.0,2,0.0,100,5,5,0.03,0.0,1.0,"{'subsample': 1.0, 'reg_lambda': 2, 'reg_alpha': 0.0, 'n_estimators': 100, 'min_child_weight': 5, 'max_depth': 5, 'learning_rate': 0.03, 'gamma': 0.0, 'colsample_bytree': 1.0}",0.544000078348498,0.5464689626843153,0.5451656840301004,0.5291708822544076,0.4777340114451931,0.5285079237525029,0.026147720497082826,14
0.5848934650421143,0.02961030793381524,0.04236607551574707,0.0008344334105905484,1.0,1,1.0,200,5,5,0.05,0.3,0.6,"{'subsample': 1.0, 'reg_lambda': 1, 'reg_alpha': 1.0, 'n_estimators': 200, 'min_child_weight': 5, 'max_depth': 5, 'learning_rate': 0.05, 'gamma': 0.3, 'colsample_bytree': 0.6}",0.49984446728282006,0.48527954482488633,0.4885231214135233,0.4746153162742758,0.4209764348738223,0.47384777693386554,0.027632759144462553,56
1.863523578643799,0.045505634083409276,0.079231595993042,0.004851067303578869,0.7,1,0.0,500,1,3,0.1,0.3,0.6,"{'subsample': 0.7, 'reg_lambda': 1, 'reg_alpha': 0.0, 'n_estimators': 500, 'min_child_weight': 1, 'max_depth': 3, 'learning_rate': 0.1, 'gamma': 0.3, 'colsample_bytree': 0.6}",0.5045547754944852,0.48848598178673064,0.49002292910175194,0.48369516294024184,0.4160898333810633,0.47656973654085455,0.031031397273302043,52
0.7865087985992432,0.031010420727853396,0.03496484756469727,0.005748487542063488,0.8,1,0.1,200,3,3,0.05,0.3,1.0,"{'subsample': 0.8, 'reg_lambda': 1, 'reg_alpha': 0.1, 'n_estimators': 200, 'min_child_weight': 3, 'max_depth': 3, 'learning_rate': 0.05, 'gamma': 0.3, 'colsample_bytree': 1.0}",0.5419852621233965,0.5392741629520567,0.5363473402258349,0.526292369008157,0.46758201971859814,0.5222962308056086,0.027867385329625752,22
0.7832732677459717,0.05573784055312534,0.0332547664642334,0.002077935287719223,0.7,2,0.1,200,3,3,0.01,0.1,0.6,"{'subsample': 0.7, 'reg_lambda': 2, 'reg_alpha': 0.1, 'n_estimators': 200, 'min_child_weight': 3, 'max_depth': 3, 'learning_rate': 0.01, 'gamma': 0.1, 'colsample_bytree': 0.6}",0.3616304458350237,0.35057652349904944,0.3507971384010282,0.3422273110648357,0.3078887869777447,0.34262404115553635,0.018428131703508377,78
1.4332902908325196,0.07402392354800756,0.06617226600646972,0.004706277142202653,0.8,2,0.1,300,1,5,0.03,0.1,0.6,"{'subsample': 0.8, 'reg_lambda': 2, 'reg_alpha': 0.1, 'n_estimators': 300, 'min_child_weight': 1, 'max_depth': 5, 'learning_rate': 0.03, 'gamma': 0.1, 'colsample_bytree': 0.6}",0.4974615730422174,0.48421013836794147,0.48742185054134934,0.4728607218882891,0.4197569900676834,0.47234225478149616,0.02743975179241966,59
1.063331127166748,0.06977291356154064,0.04180765151977539,0.0027651159730324283,0.7,5,0.1,200,3,4,0.03,0.1,1.0,"{'subsample': 0.7, 'reg_lambda': 5, 'reg_alpha': 0.1, 'n_estimators': 200, 'min_child_weight': 3, 'max_depth': 4, 'learning_rate': 0.03, 'gamma': 0.1, 'colsample_bytree': 1.0}",0.5483302337657676,0.546568794181618,0.5475417049301128,0.5338257558227826,0.4767775719255558,0.5306088121251674,0.02743590282506422,11
0.493845796585083,0.03606591119093895,0.04146122932434082,0.004095189865225267,1.0,1,0.0,300,3,2,0.05,0.1,0.8,"{'subsample': 1.0, 'reg_lambda': 1, 'reg_alpha': 0.0, 'n_estimators': 300, 'min_child_weight': 3, 'max_depth': 2, 'learning_rate': 0.05, 'gamma': 0.1, 'colsample_bytree': 0.8}",0.5242541592846865,0.5173589407767655,0.5188003386326416,0.5037777437725622,0.4409094857807253,0.5010201336494762,0.030801969598048966,42
0.9344241142272949,0.09390864195026018,0.07573432922363281,0.0022033642079636265,1.0,1,0.0,300,5,6,0.1,0.0,0.6,"{'subsample': 1.0, 'reg_lambda': 1, 'reg_alpha': 0.0, 'n_estimators': 300, 'min_child_weight': 5, 'max_depth': 6, 'learning_rate': 0.1, 'gamma': 0.0, 'colsample_bytree': 0.6}",0.5005173619668024,0.48386503244276835,0.48827495863414727,0.47768244971988283,0.4115801493690825,0.47238399042653667,0.03130816043398206,58
0.5647500514984131,0.021515191871995392,0.026659059524536132,0.0022419441029514204,0.7,2,1.0,100,1,5,0.03,0.1,0.8,"{'subsample': 0.7, 'reg_lambda': 2, 'reg_alpha': 1.0, 'n_estimators': 100, 'min_child_weight': 1, 'max_depth': 5, 'learning_rate': 0.03, 'gamma': 0.1, 'colsample_bytree': 0.8}",0.5237631440999309,0.5170567094242475,0.5184372775347799,0.5044755206068641,0.4518642492164958,0.5031193801764637,0.026396892550295797,40
1.5378640651702882,0.11798046443705125,0.07298979759216309,0.011043086224061428,0.9,5,0.1,300,3,5,0.1,0.3,0.8,"{'subsample': 0.9, 'reg_lambda': 5, 'reg_alpha': 0.1, 'n_estimators': 300, 'min_child_weight': 3, 'max_depth': 5, 'learning_rate': 0.1, 'gamma': 0.3, 'colsample_bytree': 0.8}",0.5385195117668911,0.536471002433352,0.5355401848259453,0.5246233786366444,0.4585961107927111,0.5187500376911087,0.030462320307549095,28
0.46623902320861815,0.05924915063331616,0.02299985885620117,0.006201052443096237,0.7,2,1.0,100,5,3,0.01,0.1,1.0,"{'subsample': 0.7, 'reg_lambda': 2, 'reg_alpha': 1.0, 'n_estimators': 100, 'min_child_weight': 5, 'max_depth': 3, 'learning_rate': 0.01, 'gamma': 0.1, 'colsample_bytree': 1.0}",0.358594278749111,0.361466554425521,0.36272102399063144,0.34669307692184625,0.3226354557837521,0.35042207797417235,0.015006873227341415,75
0.6514270782470704,0.07465588167827869,0.03125119209289551,0.005295332236773182,0.7,1,1.0,100,3,5,0.05,0.3,0.8,"{'subsample': 0.7, 'reg_lambda': 1, 'reg_alpha': 1.0, 'n_estimators': 100, 'min_child_weight': 3, 'max_depth': 5, 'learning_rate': 0.05, 'gamma': 0.3, 'colsample_bytree': 0.8}",0.5440547093756065,0.5372567359568944,0.5368534056130667,0.5241507461127788,0.46493765116915664,0.5214506496455007,0.028979407481457182,24
0.706816291809082,0.08132918050367989,0.034333324432373045,0.005793073017749775,0.9,5,0.1,100,3,6,0.05,0.1,0.8,"{'subsample': 0.9, 'reg_lambda': 5, 'reg_alpha': 0.1, 'n_estimators': 100, 'min_child_weight': 3, 'max_depth': 6, 'learning_rate': 0.05, 'gamma': 0.1, 'colsample_bytree': 0.8}",0.5447839606366052,0.5390648257024879,0.5406901025593027,0.5256598793595679,0.4679809892580884,0.5236359515032104,0.028557673659039495,19
1.6831671714782714,0.08369883248584686,0.044979286193847653,0.009110026623219704,0.7,1,0.1,500,5,2,0.03,0.0,0.6,"{'subsample': 0.7, 'reg_lambda': 1, 'reg_alpha': 0.1, 'n_estimators': 500, 'min_child_weight': 5, 'max_depth': 2, 'learning_rate': 0.03, 'gamma': 0.0, 'colsample_bytree': 0.6}",0.5043950730963372,0.49162694830689524,0.492302432416897,0.47828585960781367,0.4203422034385179,0.47739050337329225,0.02969713442846121,50
1.7286437034606934,0.033087715645413115,0.050606060028076175,0.009068386191579706,0.7,1,1.0,300,5,6,0.01,0.1,1.0,"{'subsample': 0.7, 'reg_lambda': 1, 'reg_alpha': 1.0, 'n_estimators': 300, 'min_child_weight': 5, 'max_depth': 6, 'learning_rate': 0.01, 'gamma': 0.1, 'colsample_bytree': 1.0}",0.5550603298235299,0.552802318010044,0.5545970680680048,0.537769338411519,0.48280664592982814,0.536607140048585,0.027648816917454397,4
0.22871017456054688,0.009474366619997043,0.019947910308837892,0.0006226315065595236,1.0,1,1.0,100,3,3,0.1,0.1,1.0,"{'subsample': 1.0, 'reg_lambda': 1, 'reg_alpha': 1.0, 'n_estimators': 100, 'min_child_weight': 3, 'max_depth': 3, 'learning_rate': 0.1, 'gamma': 0.1, 'colsample_bytree': 1.0}",0.5384192751662629,0.5351267239790868,0.5371469063253788,0.5276978883409693,0.46962710643545225,0.52160358004943,0.026252361488528757,23
