lon,lat,cell_x,cell_y,cell_id,own_green_px,external_green_px_90m,combined_green_px_90m,isolated_90m,external_green_px_180m,combined_green_px_180m,isolated_180m,external_green_px_300m,combined_green_px_300m,isolated_300m
39.099864,21.694714,0,1187,0_1187,1,1,2,0,1,2,0,2,3,0
39.097302,21.766271,-3,1099,-3_1099,1,0,1,1,0,1,1,0,1,1
39.097294,21.754074,-3,1114,-3_1114,5,6,11,0,6,11,0,6,11,0
39.098164,21.754074,-2,1114,-2_1114,3,8,11,0,8,11,0,8,11,0
39.097293,21.753261,-3,1115,-3_1115,2,9,11,0,9,11,0,9,11,0
39.098164,21.753261,-2,1115,-2_1115,1,9,10,0,10,11,0,10,11,0
39.142957,21.274279,50,1704,50_1704,1,0,1,1,0,1,1,0,1,1
39.190628,21.239265,105,1747,105_1747,1,0,1,1,0,1,1,0,1,1
39.190624,21.236012,105,1751,105_1751,1,0,1,1,0,1,1,0,1,1
39.166324,21.223840,77,1766,77_1766,1,0,1,1,0,1,1,0,1,1
39.174120,21.215700,86,1776,86_1776,2,7,9,0,10,12,0,10,12,0
39.174987,21.215699,87,1776,87_1776,2,10,12,0,10,12,0,10,12,0
39.174119,21.214887,86,1777,86_1777,1,10,11,0,11,12,0,11,12,0
39.174986,21.214886,87,1777,87_1777,7,5,12,0,5,12,0,5,12,0
39.193296,21.289679,108,1685,108_1685,3,0,3,1,0,3,1,0,3,1
39.196753,21.279917,112,1697,112_1697,1,2,3,0,2,3,0,2,3,0
39.199352,21.276661,115,1701,115_1701,2,0,2,1,0,2,1,0,2,1
39.194240,21.348226,109,1613,109_1613,2,1,3,0,1,3,0,1,3,0
39.175967,21.310027,88,1660,88_1660,1,0,1,1,0,1,1,0,1,1
39.188976,21.304321,103,1667,103_1667,1,0,1,1,0,1,1,0,1,1
39.194282,21.379940,109,1574,109_1574,1,0,1,1,0,1,1,0,1,1
39.195136,21.369368,110,1587,110_1587,2,0,2,1,0,2,1,0,2,1
39.182969,21.358810,96,1600,96_1600,1,0,1,1,0,1,1,0,1,1
39.182249,21.477533,95,1454,95_1454,1,1,2,0,1,2,0,2,3,0
39.177033,21.475099,89,1457,89_1457,2,0,2,1,2,4,0,8,10,0
39.129316,21.547514,34,1368,34_1368,1,1,2,0,2,3,0,4,5,0
39.158856,21.536917,68,1381,68_1381,4,8,12,0,8,12,0,9,13,0
39.136311,21.592232,42,1313,42_1313,1,1,2,0,1,2,0,1,2,0
39.137180,21.592231,43,1313,43_1313,1,1,2,0,1,2,0,1,2,0
39.116312,21.590620,19,1315,19_1315,2,5,7,0,9,11,0,9,11,0
39.116312,21.589807,19,1316,19_1316,2,5,7,0,9,11,0,9,11,0
39.112833,21.588997,15,1317,15_1317,1,1,2,0,1,2,0,1,2,0
39.117180,21.588994,20,1317,20_1317,4,1,5,0,7,11,0,7,11,0
39.148477,21.585716,56,1321,56_1321,1,0,1,1,0,1,1,0,1,1
39.157170,21.584895,66,1322,66_1322,1,1,2,0,1,2,0,1,2,0
39.144963,21.549940,52,1365,52_1365,2,2,4,0,2,4,0,2,4,0
39.145833,21.549940,53,1365,53_1365,2,2,4,0,2,4,0,2,4,0
39.186732,21.586491,100,1320,100_1320,1,0,1,1,2,3,0,2,3,0
39.177165,21.584062,89,1323,89_1323,1,0,1,1,0,1,1,0,1,1
39.186656,21.527131,100,1393,100_1393,2,7,9,0,9,11,0,10,12,0
39.187525,21.527130,101,1393,101_1393,4,7,11,0,7,11,0,8,12,0
39.189263,21.527128,103,1393,103_1393,1,0,1,1,1,2,0,11,12,0
39.195341,21.523055,110,1398,110_1398,1,3,4,0,4,5,0,4,5,0
39.156390,21.667836,65,1220,65_1220,1,3,4,0,3,4,0,3,4,0
39.157259,21.667836,66,1220,66_1220,3,1,4,0,1,4,0,1,4,0
39.172043,21.663755,83,1225,83_1225,1,5,6,0,5,6,0,5,6,0
39.172913,21.663754,84,1225,84_1225,3,3,6,0,3,6,0,5,8,0
39.172042,21.662942,83,1226,83_1226,1,4,5,0,5,6,0,5,6,0
39.172912,21.662941,84,1226,84_1226,1,5,6,0,5,6,0,5,6,0
39.175521,21.662125,87,1227,87_1227,2,2,4,0,2,4,0,3,5,0
39.176390,21.662124,88,1227,88_1227,2,2,4,0,2,4,0,2,4,0
39.170297,21.658065,81,1232,81_1232,2,0,2,1,0,2,1,0,2,1
39.151142,21.641008,59,1253,59_1253,1,2,3,0,2,3,0,3,4,0
39.152012,21.641007,60,1253,60_1253,2,1,3,0,1,3,0,3,5,0
39.138093,21.637766,44,1257,44_1257,1,2,3,0,2,3,0,2,3,0
39.134613,21.636956,40,1258,40_1258,1,0,1,1,0,1,1,0,1,1
39.128524,21.635335,33,1260,33_1260,2,0,2,1,0,2,1,0,2,1
39.154614,21.634499,63,1261,63_1261,1,0,1,1,0,1,1,0,1,1
39.125913,21.632897,30,1263,30_1263,1,0,1,1,0,1,1,0,1,1
39.125909,21.628831,30,1268,30_1268,1,0,1,1,0,1,1,0,1,1
39.101608,21.699591,2,1181,2_1181,1,0,1,1,0,1,1,0,1,1
39.106824,21.693083,8,1189,8_1189,1,0,1,1,0,1,1,0,1,1
39.100730,21.689021,1,1194,1_1194,1,0,1,1,0,1,1,0,1,1
39.121608,21.685755,25,1198,25_1198,2,1,3,0,1,3,0,3,5,0
39.124218,21.684940,28,1199,28_1199,2,0,2,1,1,3,0,4,6,0
39.118126,21.682505,21,1202,21_1202,2,0,2,1,0,2,1,0,2,1
39.101586,21.668692,2,1219,2_1219,1,1,2,0,1,2,0,1,2,0
39.125939,21.662983,30,1226,30_1226,1,0,1,1,0,1,1,0,1,1
39.106798,21.658118,8,1232,8_1232,1,0,1,1,0,1,1,0,1,1
39.184180,21.631216,97,1265,97_1265,2,0,2,1,0,2,1,0,2,1
39.164175,21.628798,74,1268,74_1268,1,0,1,1,0,1,1,0,1,1
39.190242,21.611694,104,1289,104_1289,1,0,1,1,0,1,1,0,1,1
39.168710,21.789795,79,1070,79_1070,5,0,5,1,0,5,1,0,5,1
39.163464,21.769472,73,1095,73_1095,3,5,8,0,7,10,0,18,21,0
39.164334,21.769471,74,1095,74_1095,1,6,7,0,7,8,0,12,13,0
39.160851,21.768661,70,1096,70_1096,5,8,13,0,8,13,0,14,19,0
39.161722,21.768660,71,1096,71_1096,5,7,12,0,10,15,0,16,21,0
39.163463,21.768659,73,1096,73_1096,3,5,8,0,8,11,0,18,21,0
39.164333,21.768658,74,1096,74_1096,1,6,7,0,7,8,0,12,13,0
39.160850,21.767848,70,1097,70_1097,3,9,12,0,10,13,0,16,19,0
39.164320,21.757274,74,1110,74_1110,3,15,18,0,21,24,0,21,24,0
39.165191,21.757273,75,1110,75_1110,2,17,19,0,22,24,0,22,24,0
39.166061,21.757272,76,1110,76_1110,1,7,8,0,20,21,0,23,24,0
39.164319,21.756461,74,1111,74_1111,9,13,22,0,15,24,0,15,24,0
39.165190,21.756460,75,1111,75_1111,8,15,23,0,16,24,0,16,24,0
39.166060,21.756459,76,1111,76_1111,1,8,9,0,20,21,0,23,24,0
39.185204,21.752373,98,1116,98_1116,1,0,1,1,0,1,1,0,1,1
39.102487,21.712601,3,1165,3_1165,2,0,2,1,0,2,1,0,2,1
39.139901,21.709321,46,1169,46_1169,1,0,1,1,0,1,1,0,1,1
39.110383,21.797162,12,1061,12_1061,1,0,1,1,0,1,1,0,1,1
39.105156,21.793100,6,1066,6_1066,1,0,1,1,0,1,1,0,1,1
39.146040,21.756478,53,1111,53_1111,1,1,2,0,1,2,0,1,2,0
39.258562,21.399369,183,1550,183_1550,1,2,3,0,2,3,0,2,3,0
39.258561,21.398556,183,1551,183_1551,2,1,3,0,1,3,0,1,3,0
39.299369,21.397675,230,1552,230_1552,2,0,2,1,0,2,1,0,2,1
39.268106,21.395288,194,1555,194_1555,1,2,3,0,2,3,0,2,3,0
39.269837,21.392033,196,1559,196_1559,2,7,9,0,10,12,0,10,12,0
39.270705,21.392031,197,1559,197_1559,2,10,12,0,10,12,0,10,12,0
39.271573,21.392030,198,1559,198_1559,1,5,6,0,11,12,0,11,12,0
39.269835,21.391220,196,1560,196_1560,1,9,10,0,11,12,0,11,12,0
39.270703,21.391218,197,1560,197_1560,6,6,12,0,6,12,0,6,12,0
39.277640,21.386328,205,1566,205_1566,2,1,3,0,1,3,0,4,6,0
39.277637,21.384702,205,1568,205_1568,1,2,3,0,2,3,0,5,6,0
39.277636,21.383888,205,1569,205_1569,2,1,3,0,1,3,0,4,6,0
39.299326,21.376533,230,1578,230_1578,2,9,11,0,15,17,0,24,26,0
39.298456,21.375721,229,1579,229_1579,3,4,7,0,10,13,0,17,20,0
39.299324,21.375719,230,1579,230_1579,3,10,13,0,14,17,0,23,26,0
39.255873,21.350583,180,1610,180_1610,4,2,6,0,2,6,0,2,6,0
39.259345,21.350578,184,1610,184_1610,1,0,1,1,0,1,1,0,1,1
39.256739,21.349769,181,1611,181_1611,1,2,3,0,5,6,0,5,6,0
39.259339,21.347325,184,1614,184_1614,4,0,4,1,1,5,0,2,6,0
39.261075,21.347322,186,1614,186_1614,1,0,1,1,1,2,0,10,11,0
39.262809,21.346507,188,1615,188_1615,1,1,2,0,10,11,0,22,23,0
39.259336,21.345699,184,1616,184_1616,1,0,1,1,0,1,1,5,6,0
39.262808,21.345693,188,1616,188_1616,2,9,11,0,16,18,0,31,33,0
39.263676,21.345692,189,1616,189_1616,8,8,16,0,19,27,0,34,42,0
39.264544,21.345691,190,1616,190_1616,1,13,14,0,27,28,0,42,43,0
39.264542,21.344877,190,1617,190_1617,8,15,23,0,30,38,0,49,57,0
39.265410,21.344876,191,1617,191_1617,1,15,16,0,33,34,0,57,58,0
39.266278,21.344875,192,1617,192_1617,1,5,6,0,29,30,0,56,57,0
39.264541,21.344064,190,1618,190_1618,4,16,20,0,33,37,0,56,60,0
39.265409,21.344063,191,1618,191_1618,8,16,24,0,39,47,0,58,66,0
39.267145,21.344060,193,1618,193_1618,7,9,16,0,32,39,0,64,71,0
39.261068,21.343257,186,1619,186_1619,1,0,1,1,0,1,1,7,8,0
39.265407,21.343250,191,1619,191_1619,1,13,14,0,37,38,0,60,61,0
39.266275,21.343248,192,1619,192_1619,7,18,25,0,39,46,0,63,70,0
39.267143,21.343247,193,1619,193_1619,4,18,22,0,40,44,0,69,73,0
39.267142,21.342434,193,1620,193_1620,5,14,19,0,39,44,0,66,71,0
39.268010,21.342432,194,1620,194_1620,7,16,23,0,39,46,0,61,68,0
39.268878,21.342431,195,1620,195_1620,4,15,19,0,33,37,0,57,61,0
39.269746,21.342430,196,1620,196_1620,4,9,13,0,30,34,0,46,50,0
39.261065,21.341630,186,1621,186_1621,1,2,3,0,2,3,0,3,4,0
39.268008,21.341619,194,1621,194_1621,2,13,15,0,34,36,0,58,60,0
39.268876,21.341618,195,1621,195_1621,7,16,23,0,32,39,0,53,60,0
39.269744,21.341617,196,1621,196_1621,3,15,18,0,31,34,0,45,48,0
39.270612,21.341615,197,1621,197_1621,4,8,12,0,21,25,0,39,43,0
39.271480,21.341614,198,1621,198_1621,1,5,6,0,12,13,0,32,33,0
39.261063,21.340817,186,1622,186_1622,2,1,3,0,1,3,0,2,4,0
39.269743,21.340803,196,1622,196_1622,3,7,10,0,27,30,0,54,57,0
39.271479,21.340801,198,1622,198_1622,2,4,6,0,10,12,0,37,39,0
39.269740,21.339177,196,1624,196_1624,4,9,13,0,32,36,0,75,79,0
39.269738,21.338364,196,1625,196_1625,5,20,25,0,42,47,0,69,74,0
39.270606,21.338362,197,1625,197_1625,9,31,40,0,50,59,0,83,92,0
39.271474,21.338361,198,1625,198_1625,6,26,32,0,65,71,0,96,102,0
39.268869,21.337552,195,1626,195_1626,1,0,1,1,10,11,0,43,44,0
39.269737,21.337551,196,1626,196_1626,4,17,21,0,51,55,0,73,77,0
39.270605,21.337549,197,1626,197_1626,8,36,44,0,63,71,0,84,92,0
39.271473,21.337548,198,1626,198_1626,9,38,47,0,71,80,0,94,103,0
39.272341,21.337547,199,1626,199_1626,6,30,36,0,75,81,0,105,111,0
39.270603,21.336736,197,1627,197_1627,2,19,21,0,60,62,0,92,94,0
39.271471,21.336735,198,1627,198_1627,8,28,36,0,69,77,0,98,106,0
39.272339,21.336733,199,1627,199_1627,9,36,45,0,67,76,0,105,114,0
39.273207,21.336732,200,1627,200_1627,9,31,40,0,60,69,0,102,111,0
39.273206,21.335919,200,1628,200_1628,6,25,31,0,57,63,0,99,105,0
39.274074,21.335917,201,1628,201_1628,7,26,33,0,52,59,0,91,98,0
39.274072,21.335104,201,1629,201_1629,1,5,6,0,40,41,0,77,78,0
39.274940,21.335103,202,1629,202_1629,6,21,27,0,44,50,0,79,85,0
39.275808,21.335101,203,1629,203_1629,7,17,24,0,40,47,0,70,77,0
39.274071,21.334291,201,1630,201_1630,1,2,3,0,22,23,0,63,64,0
39.274938,21.334290,202,1630,202_1630,3,3,6,0,29,32,0,69,72,0
39.275806,21.334288,203,1630,203_1630,3,16,19,0,38,41,0,65,68,0
39.277541,21.333472,205,1631,205_1631,8,13,21,0,29,37,0,59,67,0
39.281012,21.333466,209,1631,209_1631,2,1,3,0,8,10,0,43,45,0
39.277539,21.332659,205,1632,205_1632,1,13,14,0,27,28,0,55,56,0
39.278407,21.332658,206,1632,206_1632,5,12,17,0,32,37,0,62,67,0
39.279275,21.332656,207,1632,207_1632,5,14,19,0,37,42,0,63,68,0
39.281011,21.332653,209,1632,209_1632,1,2,3,0,9,10,0,42,43,0
39.278405,21.331844,206,1633,206_1633,1,9,10,0,29,30,0,63,64,0
39.279273,21.331843,207,1633,207_1633,6,17,23,0,39,45,0,64,70,0
39.280141,21.331842,208,1633,208_1633,6,21,27,0,40,46,0,64,70,0
39.279272,21.331030,207,1634,207_1634,1,11,12,0,36,37,0,63,64,0
39.280140,21.331028,208,1634,208_1634,8,24,32,0,40,48,0,69,77,0
39.281008,21.331027,209,1634,209_1634,5,19,24,0,41,46,0,70,75,0
39.280138,21.330215,208,1635,208_1635,4,19,23,0,46,50,0,86,90,0
39.281006,21.330214,209,1635,209_1635,6,22,28,0,45,51,0,82,88,0
39.280137,21.329402,208,1636,208_1636,1,8,9,0,40,41,0,87,88,0
39.281005,21.329401,209,1636,209_1636,5,22,27,0,49,54,0,86,91,0
39.281872,21.329399,210,1636,210_1636,5,19,24,0,49,54,0,76,81,0
39.278399,21.328592,206,1637,206_1637,1,9,10,0,13,14,0,36,37,0
39.281003,21.328587,209,1637,209_1637,6,26,32,0,47,53,0,78,84,0
39.281871,21.328586,210,1637,210_1637,7,28,35,0,48,55,0,71,78,0
39.277530,21.327780,205,1638,205_1638,2,6,8,0,12,14,0,12,14,0
39.278398,21.327779,206,1638,206_1638,7,7,14,0,7,14,0,29,36,0
39.279266,21.327777,207,1638,207_1638,3,9,12,0,12,15,0,45,48,0
39.281001,21.327774,209,1638,209_1638,6,22,28,0,41,47,0,69,75,0
39.281869,21.327773,210,1638,210_1638,9,25,34,0,39,48,0,60,69,0
39.289680,21.327759,219,1638,219_1638,5,13,18,0,34,39,0,53,58,0
39.278396,21.326965,206,1639,206_1639,1,8,9,0,13,14,0,18,19,0
39.281868,21.326960,210,1639,210_1639,6,14,20,0,31,37,0,51,57,0
39.282736,21.326958,211,1639,211_1639,2,10,12,0,29,31,0,50,52,0
39.290546,21.326945,220,1639,220_1639,8,21,29,0,38,46,0,62,70,0
39.291414,21.326943,221,1639,221_1639,3,18,21,0,36,39,0,63,66,0
39.280998,21.326148,209,1640,209_1640,1,0,1,1,17,18,0,44,45,0
39.291413,21.326130,221,1640,221_1640,8,19,27,0,34,42,0,73,81,0
39.292281,21.326129,222,1640,222_1640,3,12,15,0,34,37,0,71,74,0
39.294015,21.325312,224,1641,224_1641,6,9,15,0,27,33,0,65,71,0
39.294883,21.325311,225,1641,225_1641,3,19,22,0,39,42,0,83,86,0
39.297485,21.324493,228,1642,228_1642,9,26,35,0,73,82,0,106,115,0
39.298352,21.324492,229,1642,229_1642,4,25,29,0,57,61,0,108,112,0
39.290540,21.323692,220,1643,220_1643,9,21,30,0,36,45,0,69,78,0
39.296615,21.323682,227,1643,227_1643,9,39,48,0,80,89,0,124,133,0
39.297483,21.323680,228,1643,228_1643,9,47,56,0,75,84,0,133,142,0
39.298351,21.323678,229,1643,229_1643,9,32,41,0,68,77,0,132,141,0
39.278389,21.322900,206,1644,206_1644,2,0,2,1,0,2,1,0,2,1
39.288803,21.322882,218,1644,218_1644,2,2,4,0,18,20,0,45,47,0
39.289671,21.322880,219,1644,219_1644,3,17,20,0,40,43,0,45,48,0
39.290538,21.322879,220,1644,220_1644,8,23,31,0,38,46,0,46,54,0
39.289669,21.322067,219,1645,219_1645,1,4,5,0,25,26,0,47,48,0
39.290537,21.322066,220,1645,220_1645,1,10,11,0,33,34,0,50,51,0
39.291405,21.322064,221,1645,221_1645,2,12,14,0,30,32,0,52,54,0
39.299214,21.321237,230,1646,230_1646,9,20,29,0,46,55,0,112,121,0
39.287062,21.320445,216,1647,216_1647,1,0,1,1,0,1,1,4,5,0
39.298344,21.320426,229,1647,229_1647,4,22,26,0,47,51,0,85,89,0
39.291400,21.319625,221,1648,221_1648,4,0,4,1,1,5,0,11,15,0
39.295739,21.319617,226,1648,226_1648,1,6,7,0,15,16,0,40,41,0
39.297475,21.319614,228,1648,228_1648,3,12,15,0,36,39,0,61,64,0
39.298343,21.319613,229,1648,229_1648,2,11,13,0,33,35,0,65,67,0
39.288795,21.318816,218,1649,218_1649,2,0,2,1,1,3,0,4,6,0
39.286190,21.318007,215,1650,215_1650,1,0,1,1,0,1,1,4,5,0
39.288792,21.317190,218,1651,218_1651,1,0,1,1,2,3,0,5,6,0
39.293999,21.317181,224,1651,224_1651,1,0,1,1,0,1,1,0,1,1
39.298338,21.317173,229,1651,229_1651,2,7,9,0,12,14,0,27,29,0
39.299205,21.317172,230,1651,230_1651,1,2,3,0,15,16,0,34,35,0
39.297468,21.316362,228,1652,228_1652,1,1,2,0,6,7,0,16,17,0
39.298336,21.316360,229,1652,229_1652,2,9,11,0,16,18,0,22,24,0
39.289656,21.315562,219,1653,219_1653,1,2,3,0,2,3,0,3,4,0
39.297466,21.315548,228,1653,228_1653,2,2,4,0,6,8,0,19,21,0
39.299202,21.315545,230,1653,230_1653,1,7,8,0,16,17,0,25,26,0
39.289655,21.314749,219,1654,219_1654,1,2,3,0,2,3,0,3,4,0
39.298333,21.314734,229,1654,229_1654,1,1,2,0,8,9,0,20,21,0
39.231633,21.392090,152,1559,152_1559,1,3,4,0,3,4,0,3,4,0
39.231632,21.391277,152,1560,152_1560,1,3,4,0,3,4,0,3,4,0
39.222942,21.386409,142,1566,142_1566,1,0,1,1,0,1,1,0,1,1
39.230754,21.384773,151,1568,151_1568,6,2,8,0,2,8,0,2,8,0
39.230752,21.383959,151,1569,151_1569,2,6,8,0,6,8,0,6,8,0
39.202097,21.380744,118,1573,118_1573,1,0,1,1,0,1,1,0,1,1
39.221178,21.367709,140,1589,140_1589,1,0,1,1,1,2,0,1,2,0
39.230721,21.363630,151,1594,151_1594,1,1,2,0,1,2,0,1,2,0
39.231587,21.362816,152,1595,152_1595,1,1,2,0,1,2,0,1,2,0
39.230709,21.356312,151,1603,151_1603,1,0,1,1,0,1,1,0,1,1
39.255004,21.350584,179,1610,179_1610,1,3,4,0,5,6,0,5,6,0
39.217664,21.340066,136,1623,136_1623,1,1,2,0,1,2,0,1,2,0
39.216795,21.339254,135,1624,135_1624,1,1,2,0,1,2,0,1,2,0
39.225473,21.338429,145,1625,145_1625,1,1,2,0,3,4,0,3,4,0
39.226341,21.338428,146,1625,146_1625,1,1,2,0,3,4,0,3,4,0
39.211585,21.337634,129,1626,129_1626,1,3,4,0,3,4,0,3,4,0
39.226340,21.337615,146,1626,146_1626,2,0,2,1,2,4,0,2,4,0
39.211584,21.336821,129,1627,129_1627,3,1,4,0,1,4,0,1,4,0
39.234149,21.335978,155,1628,155_1628,4,1,5,0,1,5,0,1,5,0
39.202902,21.335205,119,1629,119_1629,1,0,1,1,0,1,1,0,1,1
39.234148,21.335165,155,1629,155_1629,1,3,4,0,4,5,0,4,5,0
39.231538,21.331102,152,1634,152_1634,2,0,2,1,0,2,1,0,2,1
39.228046,21.318096,148,1650,148_1650,2,0,2,1,0,2,1,0,2,1
39.228040,21.314030,148,1655,148_1655,2,0,2,1,0,2,1,0,2,1
39.230632,21.306708,151,1664,151_1664,2,2,4,0,2,4,0,2,4,0
39.231494,21.303454,152,1668,152_1668,4,0,4,1,0,4,1,0,4,1
39.249181,21.499402,172,1427,172_1427,1,1,2,0,1,2,0,1,2,0
39.217898,21.497819,136,1429,136_1429,4,3,7,0,3,7,0,5,9,0
39.218767,21.497818,137,1429,137_1429,3,4,7,0,4,7,0,9,12,0
39.220504,21.497003,139,1430,139_1430,2,3,5,0,5,7,0,11,13,0
39.221372,21.497001,140,1430,140_1430,4,3,7,0,3,7,0,6,10,0
39.222241,21.497000,141,1430,141_1430,1,2,3,0,6,7,0,6,7,0
39.227452,21.495367,147,1432,147_1432,2,1,3,0,1,3,0,1,3,0
39.222234,21.492121,141,1436,141_1436,1,0,1,1,0,1,1,0,1,1
39.233524,21.488853,154,1440,154_1440,1,0,1,1,0,1,1,0,1,1
39.242197,21.479896,164,1451,164_1451,1,1,2,0,1,2,0,1,2,0
39.203099,21.477509,119,1454,119_1454,1,0,1,1,0,1,1,0,1,1
39.236958,21.463641,158,1471,158_1471,2,2,4,0,5,7,0,5,7,0
39.239558,21.459571,161,1476,161_1476,1,1,2,0,2,3,0,2,3,0
39.216968,21.456349,135,1480,135_1480,1,3,4,0,3,4,0,3,4,0
39.216098,21.455537,134,1481,134_1481,1,3,4,0,3,4,0,3,4,0
39.280353,21.443245,208,1496,208_1496,1,0,1,1,0,1,1,0,1,1
39.266451,21.440015,192,1500,192_1500,1,6,7,0,8,9,0,8,9,0
39.267319,21.440013,193,1500,193_1500,8,1,9,0,1,9,0,1,9,0
39.286425,21.439169,215,1501,215_1501,1,7,8,0,16,17,0,16,17,0
39.287294,21.439167,216,1501,216_1501,9,8,17,0,8,17,0,8,17,0
39.288162,21.439166,217,1501,217_1501,4,11,15,0,13,17,0,13,17,0
39.287292,21.438354,216,1502,216_1502,1,13,14,0,16,17,0,16,17,0
39.268122,21.404233,194,1544,194_1544,2,0,2,1,0,2,1,0,2,1
39.285483,21.400952,214,1548,214_1548,1,0,1,1,0,1,1,0,1,1
39.288281,21.499339,217,1427,217_1427,1,11,12,0,23,24,0,34,35,0
39.289148,21.498524,218,1428,218_1428,1,3,4,0,15,16,0,28,29,0
39.290886,21.498521,220,1428,220_1428,4,1,5,0,7,11,0,25,29,0
39.267423,21.496934,193,1430,193_1430,1,0,1,1,0,1,1,0,1,1
39.281323,21.496098,209,1431,209_1431,2,0,2,1,0,2,1,0,2,1
39.256992,21.494511,181,1433,181_1433,1,0,1,1,1,2,0,6,7,0
39.298698,21.494442,229,1433,229_1433,3,1,4,0,1,4,0,1,4,0
39.299566,21.494440,230,1433,230_1433,1,2,3,0,3,4,0,3,4,0
39.255252,21.492887,179,1435,179_1435,3,3,6,0,3,6,0,4,7,0
39.294343,21.489570,224,1439,224_1439,2,5,7,0,9,11,0,9,11,0
39.294335,21.485505,224,1444,224_1444,2,0,2,1,0,2,1,0,2,1
39.299533,21.478177,230,1453,230_1453,1,2,3,0,5,6,0,5,6,0
39.299531,21.477364,230,1454,230_1454,2,3,5,0,4,6,0,4,6,0
39.265642,21.473355,191,1459,191_1459,1,0,1,1,0,1,1,0,1,1
39.289214,21.531863,218,1387,218_1387,3,3,6,0,3,6,0,3,6,0
39.283993,21.528620,212,1391,212_1391,2,10,12,0,27,29,0,46,48,0
39.297029,21.528597,227,1391,227_1391,5,4,9,0,12,17,0,22,27,0
39.299636,21.528592,230,1391,230_1391,3,10,13,0,22,25,0,28,31,0
39.282254,21.527809,210,1392,210_1392,1,13,14,0,38,39,0,78,79,0
39.283123,21.527808,211,1392,211_1392,3,18,21,0,38,41,0,74,77,0
39.297897,21.527782,228,1392,228_1392,1,2,3,0,15,16,0,30,31,0
39.277038,21.527005,204,1393,204_1393,2,18,20,0,63,65,0,153,155,0
39.277907,21.527004,205,1393,205_1393,4,24,28,0,75,79,0,160,164,0
39.280514,21.526999,208,1393,208_1393,6,24,30,0,77,83,0,132,138,0
39.283990,21.526993,212,1393,212_1393,3,13,16,0,33,36,0,62,65,0
39.274429,21.526196,201,1394,201_1394,3,16,19,0,42,45,0,115,118,0
39.275298,21.526195,202,1394,202_1394,4,21,25,0,57,61,0,151,155,0
39.276167,21.526193,203,1394,203_1394,8,28,36,0,77,85,0,175,183,0
39.277036,21.526192,204,1394,204_1394,9,39,48,0,97,106,0,188,197,0
39.277905,21.526190,205,1394,205_1394,9,45,54,0,111,120,0,189,198,0
39.278774,21.526189,206,1394,206_1394,9,46,55,0,106,115,0,186,195,0
39.279643,21.526188,207,1394,207_1394,9,44,53,0,95,104,0,169,178,0
39.282250,21.526183,210,1394,210_1394,7,26,33,0,53,60,0,93,100,0
39.283119,21.526182,211,1394,211_1394,1,14,15,0,42,43,0,75,76,0
39.264868,21.525399,190,1395,190_1395,2,0,2,1,0,2,1,0,2,1
39.271820,21.525387,198,1395,198_1395,2,11,13,0,22,24,0,52,54,0
39.272689,21.525386,199,1395,199_1395,9,15,24,0,23,32,0,83,92,0
39.273558,21.525384,200,1395,200_1395,9,18,27,0,32,41,0,123,132,0
39.274427,21.525383,201,1395,201_1395,5,18,23,0,50,55,0,147,152,0
39.275296,21.525382,202,1395,202_1395,5,21,26,0,67,72,0,180,185,0
39.276166,21.525380,203,1395,203_1395,7,41,48,0,103,110,0,204,211,0
39.277035,21.525379,204,1395,204_1395,9,50,59,0,128,137,0,210,219,0
39.277904,21.525377,205,1395,205_1395,9,52,61,0,132,141,0,206,215,0
39.278773,21.525376,206,1395,206_1395,9,45,54,0,115,124,0,196,205,0
39.279642,21.525374,207,1395,207_1395,9,32,41,0,96,105,0,176,185,0
39.281380,21.525371,209,1395,209_1395,5,17,22,0,57,62,0,114,119,0
39.282249,21.525370,210,1395,210_1395,1,14,15,0,40,41,0,89,90,0
39.271819,21.524574,198,1396,198_1396,1,9,10,0,22,23,0,69,70,0
39.272688,21.524573,199,1396,199_1396,3,15,18,0,30,33,0,97,100,0
39.275295,21.524568,202,1396,202_1396,1,13,14,0,77,78,0,190,191,0
39.276164,21.524567,203,1396,203_1396,9,39,48,0,122,131,0,210,219,0
39.277033,21.524566,204,1396,204_1396,9,52,61,0,127,136,0,208,217,0
39.277902,21.524564,205,1396,205_1396,9,47,56,0,116,125,0,205,214,0
39.278771,21.524563,206,1396,206_1396,6,32,38,0,93,99,0,201,207,0
39.271817,21.523761,198,1397,198_1397,1,3,4,0,34,35,0,75,76,0
39.273555,21.523758,200,1397,200_1397,2,17,19,0,58,60,0,133,135,0
39.274424,21.523757,201,1397,201_1397,3,25,28,0,67,70,0,162,165,0
39.275293,21.523755,202,1397,202_1397,8,34,42,0,90,98,0,193,201,0
39.276162,21.523754,203,1397,203_1397,9,47,56,0,99,108,0,194,203,0
39.277031,21.523752,204,1397,204_1397,9,42,51,0,100,109,0,190,199,0
39.277901,21.523751,205,1397,205_1397,9,28,37,0,82,91,0,180,189,0
39.278770,21.523750,206,1397,206_1397,2,16,18,0,56,58,0,157,159,0
39.270947,21.522949,197,1398,197_1398,2,5,7,0,16,18,0,43,45,0
39.271816,21.522948,198,1398,198_1398,7,13,20,0,27,34,0,68,75,0
39.272685,21.522946,199,1398,199_1398,8,23,31,0,42,50,0,90,98,0
39.273554,21.522945,200,1398,200_1398,9,28,37,0,53,62,0,119,128,0
39.274423,21.522944,201,1398,201_1398,9,32,41,0,65,74,0,144,153,0
39.275292,21.522942,202,1398,202_1398,9,35,44,0,72,81,0,155,164,0
39.276161,21.522941,203,1398,203_1398,9,30,39,0,75,84,0,151,160,0
39.277030,21.522939,204,1398,204_1398,3,22,25,0,72,75,0,142,145,0
39.272683,21.522133,199,1399,199_1399,3,19,22,0,42,45,0,70,73,0
39.273552,21.522132,200,1399,200_1399,3,23,26,0,50,53,0,90,93,0
39.274421,21.522130,201,1399,201_1399,3,21,24,0,57,60,0,101,104,0
39.275290,21.522129,202,1399,202_1399,1,12,13,0,50,51,0,106,107,0
39.268335,21.520514,194,1401,194_1401,8,12,20,0,16,24,0,16,24,0
39.267465,21.519702,193,1402,193_1402,6,14,20,0,18,24,0,18,24,0
39.276150,21.517249,203,1405,203_1405,1,0,1,1,4,5,0,8,9,0
39.273542,21.516440,200,1406,200_1406,1,1,2,0,4,5,0,7,8,0
39.277018,21.516434,204,1406,204_1406,2,1,3,0,3,5,0,8,10,0
39.273540,21.515627,200,1407,200_1407,1,1,2,0,5,6,0,8,9,0
39.274409,21.515625,201,1407,201_1407,2,2,4,0,7,9,0,10,12,0
39.275275,21.513998,202,1409,202_1409,1,0,1,1,4,5,0,9,10,0
39.271796,21.512377,198,1411,198_1411,2,3,5,0,3,5,0,3,5,0
39.272665,21.512376,199,1411,199_1411,2,3,5,0,3,5,0,3,5,0
39.277005,21.509929,204,1414,204_1414,1,0,1,1,0,1,1,0,1,1
39.264838,21.509136,190,1415,190_1415,1,0,1,1,0,1,1,0,1,1
39.291773,21.507464,221,1417,221_1417,1,1,2,0,3,4,0,7,8,0
39.291771,21.506651,221,1418,221_1418,1,1,2,0,3,4,0,8,9,0
39.295247,21.506645,225,1418,225_1418,1,0,1,1,1,2,0,1,2,0
39.291769,21.505838,221,1419,221_1419,2,1,3,0,4,6,0,7,9,0
39.290899,21.505026,220,1420,220_1420,1,2,3,0,6,7,0,8,9,0
39.291768,21.505025,221,1420,221_1420,1,2,3,0,3,4,0,8,9,0
39.271781,21.504245,198,1421,198_1421,2,1,3,0,7,9,0,10,12,0
39.286549,21.502594,215,1423,215_1423,4,5,9,0,10,14,0,24,28,0
39.287418,21.502593,216,1423,216_1423,2,5,7,0,12,14,0,25,27,0
39.291763,21.502585,221,1423,221_1423,1,5,6,0,12,13,0,16,17,0
39.288286,21.501778,217,1424,217_1424,3,8,11,0,24,27,0,38,41,0
39.281333,21.500977,209,1425,209_1425,1,1,2,0,1,2,0,4,5,0
39.287415,21.500967,216,1425,216_1425,2,8,10,0,25,27,0,36,38,0
39.288284,21.500965,217,1425,217_1425,7,13,20,0,26,33,0,35,42,0
39.288282,21.500152,217,1426,217_1426,7,14,21,0,23,30,0,37,44,0
39.225777,21.536027,145,1382,145_1382,1,1,2,0,2,3,0,2,3,0
39.254428,21.518910,178,1403,178_1403,1,0,1,1,0,1,1,0,1,1
39.204021,21.515726,120,1407,120_1407,1,0,1,1,0,1,1,0,1,1
39.243993,21.514859,166,1408,166_1408,1,0,1,1,0,1,1,0,1,1
39.248337,21.514040,171,1409,171_1409,3,1,4,0,1,4,0,1,4,0
39.248335,21.513227,171,1410,171_1410,1,2,3,0,3,4,0,3,4,0
39.208361,21.512468,125,1411,125_1411,2,3,5,0,7,9,0,12,14,0
39.208360,21.511655,125,1412,125_1412,3,3,6,0,7,10,0,11,14,0
39.209229,21.511654,126,1412,126_1412,2,1,3,0,11,13,0,12,14,0
39.209228,21.510841,126,1413,126_1413,3,1,4,0,11,14,0,11,14,0
39.210966,21.510839,128,1413,128_1413,1,3,4,0,7,8,0,12,13,0
39.220524,21.510826,139,1413,139_1413,1,4,5,0,10,11,0,15,16,0
39.210096,21.510027,127,1414,127_1414,1,3,4,0,6,7,0,12,13,0
39.221392,21.510012,140,1414,140_1414,1,4,5,0,11,12,0,15,16,0
39.219653,21.509201,138,1415,138_1415,3,9,12,0,13,16,0,13,16,0
39.220522,21.509200,139,1415,139_1415,3,10,13,0,13,16,0,13,16,0
39.219652,21.508388,138,1416,138_1416,1,7,8,0,12,13,0,15,16,0
39.220521,21.508387,139,1416,139_1416,2,6,8,0,11,13,0,14,16,0
39.228339,21.506750,148,1418,148_1418,2,1,3,0,1,3,0,1,3,0
39.228337,21.505937,148,1419,148_1419,1,2,3,0,2,3,0,2,3,0
39.233550,21.505116,154,1420,154_1420,3,2,5,0,2,5,0,2,5,0
39.232680,21.504304,153,1421,153_1421,1,2,3,0,4,5,0,4,5,0
39.233548,21.504303,154,1421,154_1421,1,4,5,0,4,5,0,4,5,0
39.233545,21.501864,154,1424,154_1424,2,2,4,0,2,4,0,3,5,0
39.233543,21.501051,154,1425,154_1425,2,2,4,0,2,4,0,3,5,0
39.236150,21.501047,157,1425,157_1425,1,0,1,1,0,1,1,2,3,0
39.224853,21.500249,144,1426,144_1426,3,0,3,1,0,3,1,0,3,1
39.272828,21.599382,199,1304,199_1304,1,0,1,1,0,1,1,0,1,1
39.287606,21.597731,216,1306,216_1306,1,0,1,1,0,1,1,0,1,1
39.284996,21.596922,213,1307,213_1307,1,0,1,1,0,1,1,0,1,1
39.266715,21.584755,192,1322,192_1322,4,2,6,0,3,7,0,3,7,0
39.267584,21.584754,193,1322,193_1322,2,4,6,0,5,7,0,5,7,0
39.293653,21.578205,223,1330,223_1330,4,8,12,0,9,13,0,9,13,0
39.294520,21.577390,224,1331,224_1331,2,10,12,0,11,13,0,11,13,0
39.294519,21.576577,224,1332,224_1332,1,1,2,0,11,12,0,12,13,0
39.260604,21.570942,185,1339,185_1339,2,7,9,0,13,15,0,18,20,0
39.259733,21.570130,184,1340,184_1340,6,9,15,0,10,16,0,16,22,0
39.259732,21.569317,184,1341,184_1341,2,9,11,0,14,16,0,18,20,0
39.263206,21.567685,188,1343,188_1343,1,0,1,1,5,6,0,9,10,0
39.277093,21.556278,204,1357,204_1357,2,0,2,1,6,8,0,7,9,0
39.276222,21.555467,203,1358,203_1358,6,0,6,1,2,8,0,3,9,0
39.279699,21.555461,207,1358,207_1358,1,0,1,1,0,1,1,3,4,0
39.266654,21.551416,192,1363,192_1363,1,0,1,1,0,1,1,0,1,1
39.227580,21.577495,147,1331,147_1331,1,0,1,1,0,1,1,0,1,1
39.243222,21.573407,165,1336,165_1336,2,0,2,1,1,3,0,6,8,0
39.253652,21.572579,177,1337,177_1337,1,0,1,1,0,1,1,0,1,1
39.236263,21.570978,157,1339,157_1339,1,0,1,1,0,1,1,3,4,0
39.212789,21.569383,130,1341,130_1341,6,5,11,0,5,11,0,5,11,0
39.213658,21.569382,131,1341,131_1341,4,7,11,0,7,11,0,7,11,0
39.234522,21.569354,155,1341,155_1341,3,0,3,1,0,3,1,1,4,0
39.213657,21.568569,131,1342,131_1342,1,7,8,0,10,11,0,10,11,0
39.252773,21.566888,176,1344,176_1344,1,0,1,1,0,1,1,0,1,1
39.200614,21.566146,116,1345,116_1345,1,0,1,1,0,1,1,0,1,1
39.220602,21.562055,139,1350,139_1350,2,0,2,1,0,2,1,0,2,1
39.237986,21.561218,159,1351,159_1351,1,0,1,1,0,1,1,0,1,1
39.238211,21.698638,159,1182,159_1182,1,5,6,0,8,9,0,8,9,0
39.238210,21.697825,159,1183,159_1183,3,6,9,0,6,9,0,6,9,0
39.244300,21.697816,166,1183,166_1183,1,2,3,0,3,4,0,3,4,0
39.244299,21.697003,166,1184,166_1184,1,1,2,0,3,4,0,3,4,0
39.235594,21.694576,156,1187,156_1187,1,4,5,0,12,13,0,14,15,0
39.236464,21.694575,157,1187,157_1187,3,11,14,0,12,15,0,12,15,0
39.237334,21.694574,158,1187,158_1187,3,8,11,0,11,14,0,12,15,0
39.239939,21.691318,161,1191,161_1191,4,0,4,1,0,4,1,0,4,1
39.212956,21.683223,130,1201,130_1201,1,1,2,0,4,5,0,4,5,0
39.213826,21.683222,131,1201,131_1201,3,2,5,0,2,5,0,2,5,0
39.214696,21.683221,132,1201,132_1201,1,2,3,0,4,5,0,4,5,0
39.241653,21.675866,163,1210,163_1210,1,0,1,1,0,1,1,0,1,1
39.212941,21.673465,130,1213,130_1213,2,0,2,1,0,2,1,0,2,1
39.242516,21.671799,164,1215,164_1215,1,0,1,1,0,1,1,0,1,1
39.246859,21.667727,169,1220,169_1220,1,0,1,1,0,1,1,0,1,1
39.252944,21.665278,176,1223,176_1223,1,0,1,1,0,1,1,0,1,1
39.251179,21.650644,174,1241,174_1241,1,0,1,1,0,1,1,0,1,1
39.255518,21.644946,179,1248,179_1248,1,4,5,0,9,10,0,13,14,0
39.256388,21.644944,180,1248,180_1248,5,3,8,0,6,11,0,16,21,0
39.257256,21.644130,181,1249,181_1249,3,6,9,0,15,18,0,17,20,0
39.262466,21.639243,187,1255,187_1255,2,7,9,0,20,22,0,36,38,0
39.263336,21.639241,188,1255,188_1255,4,12,16,0,24,28,0,37,41,0
39.264205,21.639240,189,1255,189_1255,1,4,5,0,21,22,0,36,37,0
39.263334,21.638428,188,1256,188_1256,8,18,26,0,31,39,0,37,45,0
39.263333,21.637615,188,1257,188_1257,6,21,27,0,34,40,0,42,48,0
39.263331,21.636802,188,1258,188_1258,3,16,19,0,32,35,0,44,47,0
39.264198,21.635174,189,1260,189_1260,2,3,5,0,17,19,0,36,38,0
39.265066,21.634360,190,1261,190_1261,4,5,9,0,11,15,0,19,23,0
39.269415,21.634353,195,1261,195_1261,1,2,3,0,2,3,0,5,6,0
39.292896,21.634313,222,1261,222_1261,5,7,12,0,8,13,0,8,13,0
39.298969,21.626984,229,1270,229_1270,2,2,4,0,3,5,0,4,6,0
39.292004,21.622931,221,1275,221_1275,2,5,7,0,8,10,0,17,19,0
39.284176,21.622131,212,1276,212_1276,6,20,26,0,22,28,0,24,30,0
39.285045,21.622130,213,1276,213_1276,8,14,22,0,20,28,0,22,30,0
39.290263,21.622121,219,1276,219_1276,2,7,9,0,14,16,0,23,25,0
39.292872,21.622116,222,1276,222_1276,1,6,7,0,8,9,0,17,18,0
39.285044,21.621316,213,1277,213_1277,3,19,22,0,24,27,0,26,29,0
39.292000,21.621304,221,1277,221_1277,1,2,3,0,17,18,0,19,20,0
39.288520,21.620497,217,1278,217_1278,1,5,6,0,15,16,0,26,27,0
39.291129,21.620493,220,1278,220_1278,1,3,4,0,11,12,0,25,26,0
39.287648,21.618873,216,1280,216_1280,1,8,9,0,15,16,0,30,31,0
39.287646,21.618059,216,1281,216_1281,1,4,5,0,20,21,0,32,33,0
39.287643,21.616433,216,1283,216_1283,7,10,17,0,12,19,0,18,25,0
39.288512,21.616432,217,1283,217_1283,3,13,16,0,16,19,0,19,22,0
39.287641,21.615620,216,1284,216_1284,1,6,7,0,15,16,0,18,19,0
39.271987,21.614833,198,1285,198_1285,1,0,1,1,0,1,1,0,1,1
39.281694,21.687999,209,1195,209_1195,5,2,7,0,2,7,0,2,7,0
39.280823,21.687188,208,1196,208_1196,2,3,5,0,5,7,0,5,7,0
39.279948,21.684750,207,1199,207_1199,1,0,1,1,0,1,1,0,1,1
39.236387,21.647413,157,1245,157_1245,1,0,1,1,0,1,1,0,1,1
39.254650,21.645760,178,1247,178_1247,1,1,2,0,2,3,0,7,8,0
39.254648,21.644947,178,1248,178_1248,1,1,2,0,3,4,0,9,10,0
39.235503,21.638470,156,1256,156_1256,1,0,1,1,0,1,1,0,1,1
39.204186,21.633633,120,1262,120_1262,1,0,1,1,0,1,1,0,1,1
39.210274,21.633625,127,1262,127_1262,2,3,5,0,3,5,0,3,5,0
39.211144,21.633624,128,1262,128_1262,1,4,5,0,4,5,0,4,5,0
39.210273,21.632812,127,1263,127_1263,1,4,5,0,4,5,0,4,5,0
39.211142,21.632811,128,1263,128_1263,1,4,5,0,4,5,0,4,5,0
39.226756,21.606770,146,1295,146_1295,1,0,1,1,0,1,1,0,1,1
39.253153,21.784808,176,1076,176_1076,2,0,2,1,0,2,1,1,3,0
39.227034,21.784033,146,1077,146_1077,1,0,1,1,0,1,1,0,1,1
39.220922,21.772657,139,1091,139_1091,1,0,1,1,0,1,1,0,1,1
39.228747,21.766142,148,1099,148_1099,1,0,1,1,0,1,1,0,1,1
39.215682,21.761281,133,1105,133_1105,1,0,1,1,1,2,0,1,2,0
39.217421,21.759652,135,1107,135_1107,1,0,1,1,1,2,0,1,2,0
39.250495,21.757979,173,1109,173_1109,1,0,1,1,0,1,1,0,1,1
39.251360,21.754725,174,1113,174_1113,2,4,6,0,6,8,0,13,15,0
39.251358,21.753912,174,1114,174_1114,3,4,7,0,9,12,0,12,15,0
39.252229,21.753911,175,1114,175_1114,2,6,8,0,12,14,0,13,15,0
39.253970,21.753908,177,1114,177_1114,2,4,6,0,7,9,0,13,15,0
39.252227,21.753098,175,1115,175_1115,1,0,1,1,11,12,0,14,15,0
39.253098,21.753096,176,1115,176_1115,2,2,4,0,8,10,0,13,15,0
39.251355,21.752286,174,1116,174_1116,1,0,1,1,2,3,0,14,15,0
39.241777,21.749861,163,1119,163_1119,1,1,2,0,1,2,0,1,2,0
39.256571,21.748212,180,1121,180_1121,8,10,18,0,22,30,0,32,40,0
39.257441,21.748211,181,1121,181_1121,2,15,17,0,26,28,0,31,33,0
39.283552,21.748168,211,1121,211_1121,3,6,9,0,13,16,0,30,33,0
39.284423,21.748167,212,1121,212_1121,4,7,11,0,12,16,0,29,33,0
39.285293,21.748165,213,1121,213_1121,2,4,6,0,14,16,0,32,34,0
39.256569,21.747399,180,1122,180_1122,2,10,12,0,21,23,0,39,41,0
39.257440,21.747398,181,1122,181_1122,1,5,6,0,22,23,0,37,38,0
39.283551,21.747355,211,1122,211_1122,1,6,7,0,10,11,0,19,20,0
39.284421,21.747353,212,1122,212_1122,1,7,8,0,11,12,0,20,21,0
39.256568,21.746586,180,1123,180_1123,1,6,7,0,18,19,0,53,54,0
39.257438,21.746584,181,1123,181_1123,4,3,7,0,18,22,0,56,60,0
39.255696,21.745774,179,1124,179_1124,4,9,13,0,29,33,0,61,65,0
39.256566,21.745773,180,1124,180_1124,2,5,7,0,28,30,0,65,67,0
39.255695,21.744961,179,1125,179_1125,6,22,28,0,40,46,0,52,58,0
39.256565,21.744960,180,1125,180_1125,3,14,17,0,46,49,0,54,57,0
39.255693,21.744148,179,1126,179_1126,4,25,29,0,45,49,0,56,60,0
39.255692,21.743335,179,1127,179_1127,6,17,23,0,33,39,0,49,55,0
39.256562,21.743333,180,1127,180_1127,9,16,25,0,31,40,0,46,55,0
39.283543,21.743289,211,1127,211_1127,2,0,2,1,0,2,1,5,7,0
39.285284,21.743286,213,1127,213_1127,1,4,5,0,10,11,0,13,14,0
39.286154,21.743285,214,1127,214_1127,3,3,6,0,9,12,0,11,14,0
39.287024,21.743283,215,1127,215_1127,1,4,5,0,10,11,0,11,12,0
39.285282,21.742473,213,1128,213_1128,1,2,3,0,8,9,0,13,14,0
39.286152,21.742472,214,1128,214_1128,1,5,6,0,11,12,0,11,12,0
39.287023,21.742470,215,1128,215_1128,5,2,7,0,7,12,0,7,12,0
39.257429,21.741706,181,1129,181_1129,3,1,4,0,7,10,0,26,29,0
39.278313,21.739233,205,1132,205_1132,2,8,10,0,15,17,0,16,18,0
39.291368,21.739210,220,1132,220_1132,2,10,12,0,11,13,0,11,13,0
39.292238,21.739209,221,1132,221_1132,2,9,11,0,11,13,0,11,13,0
39.278311,21.738419,205,1133,205_1133,1,11,12,0,16,17,0,17,18,0
39.291366,21.738397,220,1133,220_1133,4,9,13,0,9,13,0,9,13,0
39.292236,21.738395,221,1133,221_1133,4,9,13,0,9,13,0,9,13,0
39.275699,21.737611,202,1134,202_1134,1,0,1,1,0,1,1,3,4,0
39.279180,21.737605,206,1134,206_1134,1,7,8,0,15,16,0,17,18,0
39.291364,21.737584,220,1134,220_1134,1,5,6,0,12,13,0,12,13,0
39.273944,21.730295,200,1143,200_1143,1,10,11,0,17,18,0,21,22,0
39.274815,21.730294,201,1143,201_1143,6,7,13,0,12,18,0,16,22,0
39.260889,21.729503,185,1144,185_1144,1,0,1,1,0,1,1,0,1,1
39.273073,21.729484,199,1144,199_1144,1,1,2,0,14,15,0,21,22,0
39.273943,21.729482,200,1144,200_1144,3,12,15,0,19,22,0,19,22,0
39.274813,21.729481,201,1144,201_1144,5,12,17,0,17,22,0,17,22,0
39.274812,21.728668,201,1145,201_1145,3,10,13,0,18,21,0,19,22,0
39.274810,21.727855,201,1146,201_1146,2,2,4,0,10,12,0,20,22,0
39.274804,21.724602,201,1150,201_1150,1,2,3,0,4,5,0,4,5,0
39.275674,21.724601,202,1150,202_1150,2,1,3,0,3,5,0,3,5,0
39.275672,21.723787,202,1151,202_1151,2,0,2,1,3,5,0,3,5,0
39.258240,21.708366,182,1170,182_1170,1,4,5,0,8,9,0,21,22,0
39.258239,21.707553,182,1171,182_1171,4,5,9,0,12,16,0,19,23,0
39.259109,21.707552,183,1171,183_1171,1,7,8,0,18,19,0,22,23,0
39.260849,21.707549,185,1171,185_1171,2,2,4,0,8,10,0,18,20,0
39.258237,21.706740,182,1172,182_1172,3,7,10,0,18,21,0,20,23,0
39.259107,21.706738,183,1172,183_1172,1,6,7,0,18,19,0,22,23,0
39.259978,21.706737,184,1172,184_1172,4,4,8,0,13,17,0,19,23,0
39.257366,21.705928,181,1173,181_1173,1,3,4,0,6,7,0,20,21,0
39.258236,21.705927,182,1173,182_1173,2,4,6,0,13,15,0,21,23,0
39.259976,21.705924,184,1173,184_1173,3,4,7,0,13,16,0,20,23,0
39.257364,21.705115,181,1174,181_1174,1,2,3,0,4,5,0,17,18,0
39.206087,21.747469,122,1122,122_1122,1,0,1,1,0,1,1,0,1,1
39.218270,21.745828,136,1124,136_1124,1,2,3,0,2,3,0,2,3,0
39.254826,21.745775,178,1124,178_1124,1,11,12,0,22,23,0,55,56,0
39.218269,21.745014,136,1125,136_1125,2,1,3,0,1,3,0,1,3,0
39.254824,21.744962,178,1125,178_1125,5,10,15,0,26,31,0,51,56,0
39.254823,21.744149,178,1126,178_1126,1,9,10,0,37,38,0,52,53,0
39.251340,21.743341,174,1127,174_1127,3,0,3,1,0,3,1,0,3,1
39.253931,21.731954,177,1141,177_1141,1,0,1,1,1,2,0,3,4,0
39.254801,21.731952,178,1141,178_1141,1,0,1,1,2,3,0,3,4,0
39.253928,21.730327,177,1143,177_1143,1,0,1,1,1,2,0,5,6,0
39.254798,21.730326,178,1143,178_1143,1,0,1,1,2,3,0,3,4,0
39.249574,21.728708,172,1145,172_1145,1,0,1,1,2,3,0,4,5,0
39.225204,21.727116,144,1147,144_1147,1,6,7,0,10,11,0,11,12,0
39.226074,21.727115,145,1147,145_1147,2,5,7,0,9,11,0,10,12,0
39.233030,21.723040,153,1152,153_1152,5,7,12,0,7,12,0,17,22,0
39.233900,21.723039,154,1152,154_1152,4,6,10,0,8,12,0,15,19,0
39.232158,21.722228,152,1153,152_1153,1,3,4,0,11,12,0,23,24,0
39.233028,21.722227,153,1153,153_1153,2,6,8,0,10,12,0,20,22,0
39.233897,21.721412,154,1154,154_1154,1,2,3,0,5,6,0,23,24,0
39.233896,21.720599,154,1155,154_1155,3,2,5,0,5,8,0,24,27,0
39.224316,21.715734,143,1161,143_1161,2,0,2,1,0,2,1,0,2,1
39.219091,21.713301,137,1164,137_1164,2,1,3,0,4,6,0,5,7,0
39.251286,21.712442,174,1165,174_1165,2,0,2,1,5,7,0,6,8,0
39.220828,21.710859,139,1167,139_1167,1,0,1,1,0,1,1,6,7,0
39.212995,21.710057,130,1168,130_1168,1,0,1,1,4,5,0,4,5,0
39.213864,21.709242,131,1169,131_1169,3,1,4,0,2,5,0,2,5,0
39.214734,21.709241,132,1169,132_1169,1,3,4,0,4,5,0,4,5,0
39.239967,21.708393,161,1170,161_1170,1,1,2,0,1,2,0,1,2,0
39.240837,21.708392,162,1170,162_1170,1,1,2,0,1,2,0,1,2,0
39.244318,21.708387,166,1170,166_1170,1,8,9,0,11,12,0,12,13,0
39.245188,21.708386,167,1170,167_1170,5,6,11,0,7,12,0,8,13,0
39.247799,21.708382,170,1170,170_1170,1,0,1,1,0,1,1,11,12,0
39.244317,21.707574,166,1171,166_1171,1,8,9,0,11,12,0,11,12,0
39.245187,21.707573,167,1171,167_1171,3,7,10,0,9,12,0,10,13,0
39.254755,21.705932,178,1173,178_1173,1,0,1,1,2,3,0,2,3,0
39.233871,21.705150,154,1174,154_1174,2,4,6,0,6,8,0,6,8,0
39.234741,21.705148,155,1174,155_1174,1,7,8,0,7,8,0,7,8,0
39.253014,21.705122,176,1174,176_1174,1,1,2,0,2,3,0,2,3,0
39.251268,21.701872,174,1178,174_1178,1,1,2,0,1,2,0,1,2,0
39.252137,21.701057,175,1179,175_1179,1,1,2,0,1,2,0,1,2,0
39.260145,21.799434,184,1058,184_1058,1,0,1,1,1,2,0,1,2,0
39.260143,21.798620,184,1059,184_1059,1,0,1,1,1,2,0,1,2,0
39.262749,21.795364,187,1063,187_1063,2,0,2,1,0,2,1,0,2,1
39.256653,21.794560,180,1064,180_1064,2,10,12,0,11,13,0,11,13,0
39.257524,21.794559,181,1064,181_1064,1,9,10,0,12,13,0,12,13,0
39.256652,21.793747,180,1065,180_1065,7,6,13,0,6,13,0,6,13,0
39.257522,21.793746,181,1065,181_1065,3,10,13,0,10,13,0,10,13,0
39.255765,21.784804,179,1076,179_1076,1,0,1,1,0,1,1,2,3,0
39.267074,21.779907,192,1082,192_1082,3,5,8,0,19,22,0,35,38,0
39.267944,21.779906,193,1082,193_1082,5,13,18,0,27,32,0,33,38,0
39.268815,21.779905,194,1082,194_1082,3,16,19,0,30,33,0,35,38,0
39.267943,21.779093,193,1083,193_1083,3,20,23,0,35,38,0,36,39,0
39.268814,21.779092,194,1083,194_1083,8,21,29,0,30,38,0,33,41,0
39.269684,21.779090,195,1083,195_1083,3,16,19,0,30,33,0,39,42,0
39.267071,21.778281,192,1084,192_1084,1,0,1,1,13,14,0,38,39,0
39.267941,21.778280,193,1084,193_1084,1,11,12,0,36,37,0,38,39,0
39.268812,21.778278,194,1084,194_1084,6,17,23,0,27,33,0,51,57,0
39.269683,21.778277,195,1084,195_1084,4,14,18,0,26,30,0,56,60,0
39.269681,21.777464,195,1085,195_1085,1,7,8,0,22,23,0,57,58,0
39.267938,21.776654,193,1086,193_1086,1,0,1,1,2,3,0,44,45,0
39.270550,21.776649,196,1086,196_1086,2,13,15,0,22,24,0,39,41,0
39.271421,21.776648,197,1086,197_1086,1,3,4,0,18,19,0,30,31,0
39.269678,21.775838,195,1087,195_1087,7,12,19,0,17,24,0,37,44,0
39.270549,21.775836,196,1087,196_1087,8,12,20,0,19,27,0,31,39,0
39.272290,21.775833,198,1087,198_1087,2,1,3,0,7,9,0,23,25,0
39.268806,21.775026,194,1088,194_1088,1,1,2,0,14,15,0,29,30,0
39.269676,21.775024,195,1088,195_1088,2,9,11,0,21,23,0,34,36,0
39.271418,21.775022,197,1088,197_1088,3,2,5,0,19,22,0,24,27,0
39.267063,21.774216,192,1089,192_1089,5,2,7,0,3,8,0,9,14,0
39.267934,21.774214,193,1089,193_1089,2,4,6,0,7,9,0,20,22,0
39.262709,21.773409,187,1090,187_1090,1,1,2,0,1,2,0,1,2,0
39.262708,21.772596,187,1091,187_1091,1,1,2,0,1,2,0,1,2,0
39.265313,21.769340,190,1095,190_1095,1,0,1,1,0,1,1,0,1,1
39.270532,21.766892,196,1098,196_1098,3,2,5,0,11,14,0,20,23,0
39.270530,21.766079,196,1099,196_1099,1,8,9,0,16,17,0,26,27,0
39.271401,21.766077,197,1099,197_1099,4,8,12,0,18,22,0,26,30,0
39.272271,21.766076,198,1099,198_1099,1,7,8,0,21,22,0,30,31,0
39.270529,21.765266,196,1100,196_1100,1,9,10,0,17,18,0,27,28,0
39.271399,21.765264,197,1100,197_1100,5,10,15,0,20,25,0,25,30,0
39.273140,21.765261,199,1100,199_1100,3,6,9,0,17,20,0,35,38,0
39.276622,21.765255,203,1100,203_1100,1,0,1,1,4,5,0,8,9,0
39.270527,21.764452,196,1101,196_1101,1,5,6,0,16,17,0,28,29,0
39.271398,21.764451,197,1101,197_1101,2,5,7,0,15,17,0,28,30,0
39.274880,21.764445,201,1101,201_1101,1,6,7,0,10,11,0,19,20,0
39.275750,21.764444,202,1101,202_1101,3,3,6,0,8,11,0,15,18,0
39.271396,21.763638,197,1102,197_1102,2,2,4,0,9,11,0,26,28,0
39.277483,21.760375,204,1106,204_1106,1,1,2,0,1,2,0,1,2,0
39.277482,21.759562,204,1107,204_1107,1,1,2,0,1,2,0,1,2,0
39.280090,21.757931,207,1109,207_1109,2,5,7,0,16,18,0,31,33,0
39.259198,21.757152,183,1110,183_1110,2,1,3,0,4,6,0,4,6,0
39.280088,21.757118,207,1110,207_1110,3,6,9,0,20,23,0,30,33,0
39.280959,21.757117,208,1110,208_1110,3,11,14,0,27,30,0,30,33,0
39.281829,21.757115,209,1110,209_1110,7,17,24,0,26,33,0,26,33,0
39.258326,21.756341,182,1111,182_1111,3,2,5,0,3,6,0,3,6,0
39.281828,21.756302,209,1111,209_1111,9,16,25,0,23,32,0,24,33,0
39.282698,21.756301,210,1111,210_1111,2,11,13,0,23,25,0,31,33,0
39.280956,21.755491,208,1112,208_1112,1,9,10,0,25,26,0,32,33,0
39.283562,21.753047,211,1115,211_1115,1,2,3,0,2,3,0,16,17,0
39.285300,21.751418,213,1117,213_1117,3,16,19,0,27,30,0,34,37,0
39.286170,21.751416,214,1117,214_1117,5,10,15,0,24,29,0,32,37,0
39.284428,21.750606,212,1118,212_1118,3,16,19,0,30,33,0,43,46,0
39.285298,21.750604,213,1118,213_1118,9,21,30,0,25,34,0,37,46,0
39.286168,21.750603,214,1118,214_1118,3,19,22,0,29,32,0,38,41,0
39.256574,21.749838,180,1119,180_1119,1,10,11,0,20,21,0,25,26,0
39.257444,21.749837,181,1119,181_1119,5,8,13,0,15,20,0,22,27,0
39.284426,21.749793,212,1119,212_1119,4,14,18,0,32,36,0,43,47,0
39.285296,21.749791,213,1119,213_1119,6,18,24,0,31,37,0,40,46,0
39.256572,21.749025,180,1120,180_1120,2,13,15,0,24,26,0,28,30,0
39.257442,21.749024,181,1120,181_1120,5,14,19,0,21,26,0,27,32,0
39.284424,21.748980,212,1120,212_1120,1,3,4,0,26,27,0,42,43,0
39.351348,21.347971,290,1613,290_1613,2,5,7,0,11,13,0,26,28,0
39.352216,21.347969,291,1613,291_1613,7,8,15,0,18,25,0,51,58,0
39.353084,21.347967,292,1613,292_1613,6,14,20,0,33,39,0,78,84,0
39.353952,21.347966,293,1613,293_1613,6,21,27,0,53,59,0,106,112,0
39.354819,21.347964,294,1613,294_1613,6,25,31,0,67,73,0,124,130,0
39.353950,21.347152,293,1614,293_1614,3,18,21,0,46,49,0,94,97,0
39.354818,21.347151,294,1614,294_1614,9,20,29,0,49,58,0,112,121,0
39.353942,21.343900,293,1618,293_1618,9,14,23,0,22,31,0,42,51,0
39.351336,21.343092,290,1619,290_1619,3,6,9,0,21,24,0,51,54,0
39.352204,21.343090,291,1619,291_1619,1,9,10,0,25,26,0,43,44,0
39.353072,21.343088,292,1619,292_1619,4,13,17,0,30,34,0,44,48,0
39.353940,21.343087,293,1619,293_1619,2,15,17,0,27,29,0,47,49,0
39.341786,21.342299,279,1620,279_1620,1,2,3,0,9,10,0,33,34,0
39.349598,21.342283,288,1620,288_1620,7,19,26,0,39,46,0,48,55,0
39.350466,21.342281,289,1620,289_1620,4,12,16,0,30,34,0,55,59,0
39.351334,21.342279,290,1620,290_1620,4,5,9,0,20,24,0,53,57,0
39.339181,21.341491,276,1621,276_1621,2,14,16,0,22,24,0,29,31,0
39.349596,21.341469,288,1621,288_1621,5,23,28,0,39,44,0,60,65,0
39.338311,21.340679,275,1622,275_1622,2,7,9,0,20,22,0,24,26,0
39.347858,21.340660,286,1622,286_1622,7,11,18,0,31,38,0,80,87,0
39.348726,21.340658,287,1622,287_1622,5,21,26,0,34,39,0,74,79,0
39.349594,21.340656,288,1622,288_1622,1,9,10,0,34,35,0,74,75,0
39.353064,21.339836,292,1623,292_1623,2,4,6,0,23,25,0,82,84,0
39.346987,21.339035,285,1624,285_1624,1,6,7,0,27,28,0,93,94,0
39.347854,21.339034,286,1624,286_1624,2,3,5,0,31,33,0,113,115,0
39.348722,21.339032,287,1624,287_1624,1,10,11,0,42,43,0,129,130,0
39.350458,21.339028,289,1624,289_1624,4,25,29,0,70,74,0,130,134,0
39.352194,21.339024,291,1624,291_1624,6,21,27,0,58,64,0,107,113,0
39.353062,21.339023,292,1624,292_1624,2,14,16,0,43,45,0,92,94,0
39.353930,21.339021,293,1624,293_1624,1,4,5,0,20,21,0,61,62,0
39.354798,21.339019,294,1624,294_1624,2,1,3,0,13,15,0,64,66,0
39.344381,21.338228,282,1625,282_1625,1,6,7,0,31,32,0,93,94,0
39.346985,21.338222,285,1625,285_1625,6,14,20,0,41,47,0,123,129,0
39.347853,21.338220,286,1625,286_1625,1,14,15,0,52,53,0,118,119,0
39.348720,21.338219,287,1625,287_1625,6,23,29,0,66,72,0,152,158,0
39.350456,21.338215,289,1625,289_1625,9,41,50,0,85,94,0,127,136,0
39.351324,21.338213,290,1625,290_1625,8,45,53,0,86,94,0,117,125,0
39.352192,21.338211,291,1625,291_1625,8,36,44,0,69,77,0,117,125,0
39.353060,21.338209,292,1625,292_1625,3,21,24,0,54,57,0,107,110,0
39.353928,21.338208,293,1625,293_1625,3,5,8,0,30,33,0,70,73,0
39.354796,21.338206,294,1625,294_1625,4,7,11,0,15,19,0,59,63,0
39.344379,21.337414,282,1626,282_1626,4,14,18,0,51,55,0,127,131,0
39.346115,21.337411,284,1626,284_1626,4,16,20,0,56,60,0,141,145,0
39.346983,21.337409,285,1626,285_1626,9,25,34,0,59,68,0,134,143,0
39.347851,21.337407,286,1626,286_1626,6,23,29,0,65,71,0,147,153,0
39.348719,21.337405,287,1626,287_1626,5,21,26,0,80,85,0,153,158,0
39.350454,21.337402,289,1626,289_1626,9,38,47,0,83,92,0,135,144,0
39.351322,21.337400,290,1626,290_1626,9,36,45,0,84,93,0,129,138,0
39.352190,21.337398,291,1626,291_1626,9,25,34,0,70,79,0,117,126,0
39.353058,21.337396,292,1626,292_1626,3,16,19,0,55,58,0,108,111,0
39.353926,21.337395,293,1626,293_1626,1,4,5,0,27,28,0,69,70,0
39.354794,21.337393,294,1626,294_1626,2,10,12,0,17,19,0,58,60,0
39.343509,21.336603,281,1627,281_1627,9,34,43,0,67,76,0,135,144,0
39.344377,21.336601,282,1627,282_1627,3,22,25,0,73,76,0,153,156,0
39.345245,21.336599,283,1627,283_1627,4,15,19,0,64,68,0,157,161,0
39.346113,21.336598,284,1627,284_1627,3,21,24,0,67,70,0,139,142,0
39.346981,21.336596,285,1627,285_1627,6,25,31,0,78,84,0,128,134,0
39.347849,21.336594,286,1627,286_1627,2,20,22,0,66,68,0,132,134,0
39.348717,21.336592,287,1627,287_1627,1,8,9,0,56,57,0,141,142,0
39.353924,21.336581,293,1627,293_1627,2,2,4,0,26,28,0,63,65,0
39.354792,21.336580,294,1627,294_1627,1,0,1,1,13,14,0,32,33,0
39.343507,21.335790,281,1628,281_1628,8,32,40,0,82,90,0,154,162,0
39.346111,21.335784,284,1628,284_1628,8,29,37,0,62,70,0,149,157,0
39.346979,21.335783,285,1628,285_1628,5,28,33,0,76,81,0,108,113,0
39.347847,21.335781,286,1628,286_1628,7,23,30,0,60,67,0,120,127,0
39.348715,21.335779,287,1628,287_1628,7,9,16,0,45,52,0,130,137,0
39.349583,21.335777,288,1628,288_1628,1,5,6,0,19,20,0,90,91,0
39.353054,21.335770,292,1628,292_1628,4,4,8,0,11,15,0,55,59,0
39.353922,21.335768,293,1628,293_1628,3,4,7,0,13,16,0,49,52,0
39.327883,21.335008,263,1629,263_1629,3,11,14,0,28,31,0,48,51,0
39.343505,21.334977,281,1629,281_1629,9,32,41,0,84,93,0,162,171,0
39.344373,21.334975,282,1629,282_1629,1,12,13,0,59,60,0,143,144,0
39.346109,21.334971,284,1629,284_1629,8,19,27,0,47,55,0,142,150,0
39.346977,21.334970,285,1629,285_1629,7,23,30,0,52,59,0,99,106,0
39.347845,21.334968,286,1629,286_1629,3,18,21,0,45,48,0,98,101,0
39.353052,21.334957,292,1629,292_1629,1,4,5,0,8,9,0,41,42,0
39.327013,21.334196,262,1630,262_1630,2,9,11,0,29,31,0,51,53,0
39.343503,21.334163,281,1630,281_1630,9,40,49,0,73,82,0,155,164,0
39.344371,21.334162,282,1630,282_1630,1,13,14,0,58,59,0,134,135,0
39.347843,21.334155,286,1630,286_1630,1,6,7,0,28,29,0,71,72,0
39.326143,21.333385,261,1631,261_1631,4,8,12,0,19,23,0,38,42,0
39.343502,21.333350,281,1631,281_1631,9,31,40,0,62,71,0,127,136,0
39.344369,21.333349,282,1631,282_1631,7,16,23,0,44,51,0,107,114,0
39.340896,21.332542,278,1632,278_1632,8,26,34,0,47,55,0,98,106,0
39.341764,21.332541,279,1632,279_1632,2,17,19,0,51,53,0,102,104,0
39.342632,21.332539,280,1632,280_1632,2,15,17,0,59,61,0,114,116,0
39.344368,21.332535,282,1632,282_1632,2,11,13,0,33,35,0,79,81,0
39.347839,21.332528,286,1632,286_1632,2,0,2,1,4,6,0,17,19,0
39.348707,21.332526,287,1632,287_1632,1,4,5,0,10,11,0,18,19,0
39.349575,21.332525,288,1632,288_1632,4,3,7,0,6,10,0,14,18,0
39.350443,21.332523,289,1632,289_1632,2,3,5,0,7,9,0,12,14,0
39.340894,21.331729,278,1633,278_1633,5,16,21,0,44,49,0,76,81,0
39.341762,21.331728,279,1633,279_1633,3,10,13,0,43,46,0,95,98,0
39.342630,21.331726,280,1633,280_1633,2,6,8,0,35,37,0,93,95,0
39.350441,21.331710,289,1633,289_1633,2,3,5,0,7,9,0,12,14,0
39.329610,21.330939,265,1634,265_1634,9,29,38,0,60,69,0,116,125,0
39.330478,21.330937,266,1634,266_1634,9,23,32,0,59,68,0,110,119,0
39.340024,21.330918,277,1634,277_1634,5,7,12,0,23,28,0,60,65,0
39.341760,21.330914,279,1634,279_1634,1,0,1,1,15,16,0,52,53,0
39.329608,21.330125,265,1635,265_1635,8,46,54,0,90,98,0,144,152,0
39.330476,21.330124,266,1635,266_1635,9,41,50,0,85,94,0,138,147,0
39.339155,21.330106,276,1635,276_1635,5,9,14,0,24,29,0,64,69,0
39.324399,21.329322,259,1636,259_1636,2,2,4,0,2,4,0,31,33,0
39.329606,21.329312,265,1636,265_1636,9,42,51,0,111,120,0,164,173,0
39.337417,21.329297,274,1636,274_1636,6,14,20,0,49,55,0,60,66,0
39.338285,21.329295,275,1636,275_1636,1,7,8,0,31,32,0,64,65,0
39.339153,21.329293,276,1636,276_1636,2,7,9,0,28,30,0,61,63,0
39.335679,21.328487,272,1637,272_1637,6,16,22,0,33,39,0,76,82,0
39.336547,21.328485,273,1637,273_1637,7,23,30,0,39,46,0,68,75,0
39.338283,21.328482,275,1637,275_1637,4,7,11,0,30,34,0,67,71,0
39.339151,21.328480,276,1637,276_1637,2,5,7,0,19,21,0,63,65,0
39.333942,21.327677,270,1638,270_1638,6,22,28,0,32,38,0,85,91,0
39.335677,21.327674,272,1638,272_1638,2,14,16,0,31,33,0,77,79,0
39.336545,21.327672,273,1638,273_1638,4,16,20,0,34,38,0,66,70,0
39.337413,21.327670,274,1638,274_1638,4,10,14,0,40,44,0,54,58,0
39.338281,21.327669,275,1638,275_1638,3,10,13,0,23,26,0,60,63,0
39.340885,21.327663,278,1638,278_1638,2,4,6,0,4,6,0,12,14,0
39.325261,21.326881,260,1639,260_1639,9,14,23,0,36,45,0,93,102,0
39.333940,21.326864,270,1639,270_1639,2,15,17,0,31,33,0,75,77,0
39.340015,21.326852,277,1639,277_1639,1,4,5,0,5,6,0,17,18,0
39.340883,21.326850,278,1639,278_1639,3,3,6,0,3,6,0,12,15,0
39.320052,21.326078,254,1640,254_1640,5,6,11,0,25,30,0,65,70,0
39.326995,21.326065,262,1640,262_1640,8,29,37,0,71,79,0,151,159,0
39.327863,21.326063,263,1640,263_1640,9,26,35,0,70,79,0,189,198,0
39.331334,21.326056,267,1640,267_1640,9,13,22,0,52,61,0,150,159,0
39.333070,21.326053,269,1640,269_1640,1,3,4,0,29,30,0,81,82,0
39.316579,21.325271,250,1641,250_1641,3,15,18,0,58,61,0,111,114,0
39.317447,21.325270,251,1641,251_1641,3,25,28,0,50,53,0,123,126,0
39.318315,21.325268,252,1641,252_1641,8,13,21,0,38,46,0,130,138,0
39.325258,21.325255,260,1641,260_1641,3,4,7,0,42,45,0,99,102,0
39.326125,21.325253,261,1641,261_1641,1,8,9,0,45,46,0,111,112,0
39.326993,21.325252,262,1641,262_1641,6,22,28,0,64,70,0,160,166,0
39.331333,21.325243,267,1641,267_1641,1,13,14,0,40,41,0,116,117,0
39.313106,21.324465,246,1642,246_1642,1,6,7,0,26,27,0,98,99,0
39.320917,21.324450,255,1642,255_1642,8,17,25,0,40,48,0,88,96,0
39.326124,21.324440,261,1642,261_1642,4,13,17,0,49,53,0,125,129,0
39.329595,21.324433,265,1642,265_1642,9,37,46,0,69,78,0,158,167,0
39.330463,21.324432,266,1642,266_1642,7,26,33,0,65,72,0,127,134,0
39.300086,21.323675,231,1643,231_1643,1,10,11,0,34,35,0,93,94,0
39.304426,21.323668,236,1643,236_1643,1,3,4,0,5,6,0,50,51,0
39.308765,21.323660,241,1643,241_1643,3,6,9,0,33,36,0,114,117,0
39.309633,21.323658,242,1643,242_1643,4,11,15,0,40,44,0,117,121,0
39.312236,21.323653,245,1643,245_1643,7,11,18,0,45,52,0,133,140,0
39.316576,21.323645,250,1643,250_1643,9,38,47,0,109,118,0,215,224,0
39.320915,21.323637,255,1643,255_1643,5,20,25,0,45,50,0,110,115,0
39.325254,21.323629,260,1643,260_1643,2,10,12,0,45,47,0,102,104,0
39.326122,21.323627,261,1643,261_1643,6,23,29,0,54,60,0,134,140,0
39.329593,21.323620,265,1643,265_1643,9,34,43,0,67,76,0,150,159,0
39.330461,21.323618,266,1643,266_1643,5,28,33,0,60,65,0,113,118,0
39.333065,21.323613,269,1643,269_1643,2,0,2,1,0,2,1,18,20,0
39.301820,21.322859,233,1644,233_1644,1,6,7,0,19,20,0,64,65,0
39.304424,21.322854,236,1644,236_1644,3,2,5,0,12,15,0,64,67,0
39.314838,21.322835,248,1644,248_1644,9,38,47,0,106,115,0,246,255,0
39.315706,21.322834,249,1644,249_1644,9,48,57,0,122,131,0,257,266,0
39.320913,21.322824,255,1644,255_1644,1,14,15,0,44,45,0,102,103,0
39.324384,21.322817,259,1644,259_1644,1,4,5,0,23,24,0,99,100,0
39.325252,21.322815,260,1644,260_1644,1,15,16,0,55,56,0,121,122,0
39.326120,21.322814,261,1644,261_1644,9,30,39,0,64,73,0,157,166,0
39.329591,21.322807,265,1644,265_1644,8,28,36,0,62,70,0,155,163,0
39.330459,21.322805,266,1644,266_1644,5,19,24,0,58,63,0,122,127,0
39.306158,21.322038,238,1645,238_1645,6,21,27,0,67,73,0,161,167,0
39.307026,21.322037,239,1645,239_1645,8,28,36,0,79,87,0,191,199,0
39.309629,21.322032,242,1645,242_1645,9,37,46,0,105,114,0,225,234,0
39.312233,21.322027,245,1645,245_1645,9,16,25,0,92,101,0,253,262,0
39.313101,21.322025,246,1645,246_1645,5,17,22,0,82,87,0,239,244,0
39.313969,21.322024,247,1645,247_1645,4,22,26,0,93,97,0,247,251,0
39.314836,21.322022,248,1645,248_1645,8,44,52,0,124,132,0,292,300,0
39.315704,21.322020,249,1645,249_1645,9,45,54,0,136,145,0,300,309,0
39.317440,21.322017,251,1645,251_1645,9,39,48,0,125,134,0,293,302,0
39.318308,21.322016,252,1645,252_1645,7,41,48,0,111,118,0,251,258,0
39.319176,21.322014,253,1645,253_1645,9,45,54,0,93,102,0,201,210,0
39.320043,21.322012,254,1645,254_1645,7,30,37,0,73,80,0,149,156,0
39.324383,21.322004,259,1645,259_1645,2,6,8,0,46,48,0,129,131,0
39.325250,21.322002,260,1645,260_1645,3,18,21,0,68,71,0,141,144,0
39.326118,21.322001,261,1645,261_1645,9,36,45,0,89,98,0,186,195,0
39.329590,21.321994,265,1645,265_1645,5,29,34,0,69,74,0,163,168,0
39.330457,21.321992,266,1645,266_1645,1,12,13,0,53,54,0,111,112,0
39.306156,21.321225,238,1646,238_1646,9,39,48,0,95,104,0,200,209,0
39.307024,21.321223,239,1646,239_1646,9,49,58,0,111,120,0,229,238,0
39.307892,21.321222,240,1646,240_1646,9,47,56,0,128,137,0,252,261,0
39.308760,21.321220,241,1646,241_1646,9,44,53,0,135,144,0,271,280,0
39.309628,21.321219,242,1646,242_1646,9,52,61,0,122,131,0,271,280,0
39.310495,21.321217,243,1646,243_1646,9,44,53,0,124,133,0,271,280,0
39.311363,21.321215,244,1646,244_1646,4,36,40,0,119,123,0,272,276,0
39.312231,21.321214,245,1646,245_1646,3,27,30,0,103,106,0,273,276,0
39.313099,21.321212,246,1646,246_1646,5,28,33,0,113,118,0,294,299,0
39.313967,21.321211,247,1646,247_1646,7,36,43,0,128,135,0,305,312,0
39.314835,21.321209,248,1646,248_1646,9,46,55,0,135,144,0,320,329,0
39.315703,21.321207,249,1646,249_1646,9,47,56,0,144,153,0,320,329,0
39.317438,21.321204,251,1646,251_1646,9,43,52,0,128,137,0,301,310,0
39.319174,21.321201,253,1646,253_1646,9,36,45,0,99,108,0,191,200,0
39.320042,21.321199,254,1646,254_1646,5,25,30,0,69,74,0,148,153,0
39.323513,21.321192,258,1646,258_1646,1,12,13,0,37,38,0,103,104,0
39.324381,21.321191,259,1646,259_1646,5,21,26,0,69,74,0,152,157,0
39.325249,21.321189,260,1646,260_1646,7,34,41,0,94,101,0,188,195,0
39.326117,21.321187,261,1646,261_1646,9,39,48,0,112,121,0,225,234,0
39.329588,21.321181,265,1646,265_1646,6,25,31,0,71,77,0,162,168,0
39.331324,21.321177,267,1646,267_1646,1,10,11,0,23,24,0,84,85,0
39.333927,21.321172,270,1646,270_1646,1,5,6,0,5,6,0,7,8,0
39.334795,21.321170,271,1646,271_1646,5,1,6,0,1,6,0,2,7,0
39.300948,21.320421,232,1647,232_1647,2,4,6,0,16,18,0,78,80,0
39.306155,21.320412,238,1647,238_1647,9,44,53,0,113,122,0,227,236,0
39.307022,21.320410,239,1647,239_1647,9,52,61,0,136,145,0,250,259,0
39.307890,21.320409,240,1647,240_1647,9,51,60,0,150,159,0,276,285,0
39.309626,21.320405,242,1647,242_1647,9,46,55,0,136,145,0,313,322,0
39.310494,21.320404,243,1647,243_1647,9,45,54,0,127,136,0,307,316,0
39.311362,21.320402,244,1647,244_1647,9,44,53,0,125,134,0,312,321,0
39.312229,21.320401,245,1647,245_1647,9,43,52,0,133,142,0,308,317,0
39.313097,21.320399,246,1647,246_1647,9,46,55,0,135,144,0,318,327,0
39.313965,21.320397,247,1647,247_1647,9,50,59,0,137,146,0,333,342,0
39.314833,21.320396,248,1647,248_1647,9,51,60,0,139,148,0,346,355,0
39.315701,21.320394,249,1647,249_1647,9,49,58,0,146,155,0,335,344,0
39.316569,21.320393,250,1647,250_1647,9,48,57,0,138,147,0,328,337,0
39.317436,21.320391,251,1647,251_1647,9,44,53,0,121,130,0,298,307,0
39.318304,21.320389,252,1647,252_1647,4,25,29,0,105,109,0,242,246,0
39.319172,21.320388,253,1647,253_1647,4,25,29,0,70,74,0,181,185,0
39.320040,21.320386,254,1647,254_1647,4,21,25,0,53,57,0,151,155,0
39.323511,21.320379,258,1647,258_1647,5,12,17,0,44,49,0,126,131,0
39.324379,21.320378,259,1647,259_1647,7,33,40,0,76,83,0,175,182,0
39.325247,21.320376,260,1647,260_1647,9,45,54,0,111,120,0,217,226,0
39.326115,21.320374,261,1647,261_1647,9,47,56,0,126,135,0,263,272,0
39.326983,21.320373,262,1647,262_1647,9,43,52,0,126,135,0,289,298,0
39.327850,21.320371,263,1647,263_1647,9,41,50,0,118,127,0,272,281,0
39.328718,21.320369,264,1647,264_1647,9,39,48,0,105,114,0,231,240,0
39.329586,21.320367,265,1647,265_1647,5,32,37,0,83,88,0,180,185,0
39.330454,21.320366,266,1647,266_1647,3,10,13,0,41,44,0,116,119,0
39.331322,21.320364,267,1647,267_1647,4,7,11,0,22,26,0,87,91,0
39.305285,21.319600,237,1648,237_1648,2,14,16,0,68,70,0,161,163,0
39.306153,21.319599,238,1648,238_1648,9,33,42,0,115,124,0,222,231,0
39.307021,21.319597,239,1648,239_1648,9,50,59,0,128,137,0,258,267,0
39.307889,21.319595,240,1648,240_1648,9,52,61,0,146,155,0,280,289,0
39.308756,21.319594,241,1648,241_1648,9,47,56,0,139,148,0,303,312,0
39.309624,21.319592,242,1648,242_1648,5,35,40,0,132,137,0,321,326,0
39.310492,21.319591,243,1648,243_1648,6,29,35,0,125,131,0,319,325,0
39.311360,21.319589,244,1648,244_1648,9,43,52,0,129,138,0,332,341,0
39.312228,21.319587,245,1648,245_1648,9,52,61,0,138,147,0,331,340,0
39.313096,21.319586,246,1648,246_1648,9,52,61,0,150,159,0,342,351,0
39.313963,21.319584,247,1648,247_1648,9,50,59,0,152,161,0,356,365,0
39.314831,21.319583,248,1648,248_1648,9,47,56,0,153,162,0,359,368,0
39.315699,21.319581,249,1648,249_1648,7,45,52,0,149,156,0,337,344,0
39.316567,21.319579,250,1648,250_1648,7,46,53,0,135,142,0,308,315,0
39.317435,21.319578,251,1648,251_1648,9,38,47,0,118,127,0,281,290,0
39.318303,21.319576,252,1648,252_1648,2,18,20,0,92,94,0,222,224,0
39.320038,21.319573,254,1648,254_1648,7,12,19,0,37,44,0,127,134,0
39.323509,21.319566,258,1648,258_1648,1,10,11,0,44,45,0,140,141,0
39.324377,21.319564,259,1648,259_1648,7,31,38,0,84,91,0,205,212,0
39.325245,21.319563,260,1648,260_1648,7,37,44,0,117,124,0,234,241,0
39.326113,21.319561,261,1648,261_1648,6,43,49,0,139,145,0,287,293,0
39.326981,21.319559,262,1648,262_1648,9,47,56,0,141,150,0,310,319,0
39.327849,21.319558,263,1648,263_1648,7,50,57,0,138,145,0,283,290,0
39.328716,21.319556,264,1648,264_1648,9,44,53,0,113,122,0,231,240,0
39.329584,21.319554,265,1648,265_1648,5,26,31,0,83,88,0,184,189,0
39.302680,21.318792,234,1649,234_1649,3,14,17,0,36,39,0,80,83,0
39.303548,21.318790,235,1649,235_1649,7,20,27,0,45,52,0,106,113,0
39.304416,21.318789,236,1649,236_1649,9,26,35,0,53,62,0,136,145,0
39.305283,21.318787,237,1649,237_1649,5,21,26,0,59,64,0,146,151,0
39.306151,21.318785,238,1649,238_1649,3,23,26,0,79,82,0,206,209,0
39.307019,21.318784,239,1649,239_1649,9,38,47,0,99,108,0,240,249,0
39.307887,21.318782,240,1649,240_1649,9,48,57,0,116,125,0,249,258,0
39.308755,21.318781,241,1649,241_1649,9,42,51,0,118,127,0,281,290,0
39.309623,21.318779,242,1649,242_1649,6,31,37,0,109,115,0,294,300,0
39.311358,21.318776,244,1649,244_1649,7,38,45,0,132,139,0,311,318,0
39.312226,21.318774,245,1649,245_1649,9,50,59,0,145,154,0,330,339,0
39.313094,21.318773,246,1649,246_1649,9,52,61,0,154,163,0,335,344,0
39.313962,21.318771,247,1649,247_1649,9,49,58,0,156,165,0,355,364,0
39.314829,21.318769,248,1649,248_1649,6,46,52,0,149,155,0,362,368,0
39.315697,21.318768,249,1649,249_1649,9,45,54,0,151,160,0,338,347,0
39.316565,21.318766,250,1649,250_1649,9,49,58,0,137,146,0,288,297,0
39.317433,21.318765,251,1649,251_1649,9,40,49,0,109,118,0,252,261,0
39.318301,21.318763,252,1649,252_1649,1,17,18,0,61,62,0,171,172,0
39.319169,21.318761,253,1649,253_1649,1,8,9,0,26,27,0,116,117,0
39.320904,21.318758,255,1649,255_1649,3,6,9,0,17,20,0,54,57,0
39.321772,21.318756,256,1649,256_1649,5,4,9,0,17,22,0,74,79,0
39.323508,21.318753,258,1649,258_1649,1,9,10,0,43,44,0,143,144,0
39.324375,21.318751,259,1649,259_1649,7,27,34,0,85,92,0,217,224,0
39.325243,21.318750,260,1649,260_1649,7,39,46,0,112,119,0,257,264,0
39.326111,21.318748,261,1649,261_1649,8,42,50,0,139,147,0,304,312,0
39.326979,21.318746,262,1649,262_1649,9,47,56,0,146,155,0,318,327,0
39.327847,21.318745,263,1649,263_1649,8,49,57,0,147,155,0,279,287,0
39.328715,21.318743,264,1649,264_1649,9,47,56,0,113,122,0,235,244,0
39.329582,21.318741,265,1649,265_1649,6,27,33,0,77,83,0,187,193,0
39.300075,21.317983,231,1650,231_1650,1,2,3,0,9,10,0,39,40,0
39.300943,21.317982,232,1650,232_1650,2,6,8,0,15,17,0,56,58,0
39.301810,21.317980,233,1650,233_1650,4,9,13,0,23,27,0,58,62,0
39.302678,21.317979,234,1650,234_1650,5,14,19,0,36,41,0,63,68,0
39.303546,21.317977,235,1650,235_1650,3,22,25,0,48,51,0,79,82,0
39.304414,21.317975,236,1650,236_1650,5,24,29,0,41,46,0,107,112,0
39.307885,21.317969,240,1650,240_1650,6,34,40,0,96,102,0,202,208,0
39.308753,21.317968,241,1650,241_1650,6,37,43,0,98,104,0,231,237,0
39.309621,21.317966,242,1650,242_1650,9,29,38,0,104,113,0,255,264,0
39.310489,21.317964,243,1650,243_1650,7,32,39,0,108,115,0,267,274,0
39.311356,21.317963,244,1650,244_1650,9,42,51,0,127,136,0,289,298,0
39.312224,21.317961,245,1650,245_1650,9,51,60,0,142,151,0,303,312,0
39.313092,21.317960,246,1650,246_1650,9,52,61,0,151,160,0,321,330,0
39.313960,21.317958,247,1650,247_1650,9,49,58,0,152,161,0,336,345,0
39.314828,21.317956,248,1650,248_1650,9,49,58,0,147,156,0,334,343,0
39.315696,21.317955,249,1650,249_1650,9,49,58,0,145,154,0,300,309,0
39.316563,21.317953,250,1650,250_1650,9,52,61,0,131,140,0,252,261,0
39.317431,21.317951,251,1650,251_1650,9,40,49,0,93,102,0,211,220,0
39.318299,21.317950,252,1650,252_1650,5,17,22,0,64,69,0,168,173,0
39.321770,21.317943,256,1650,256_1650,1,8,9,0,17,18,0,46,47,0
39.322638,21.317941,257,1650,257_1650,3,7,10,0,26,29,0,109,112,0
39.323506,21.317940,258,1650,258_1650,1,7,8,0,30,31,0,124,125,0
39.324374,21.317938,259,1650,259_1650,4,26,30,0,87,91,0,224,228,0
39.325242,21.317936,260,1650,260_1650,9,43,52,0,114,123,0,272,281,0
39.326109,21.317935,261,1650,261_1650,9,49,58,0,138,147,0,303,312,0
39.326977,21.317933,262,1650,262_1650,9,48,57,0,144,153,0,307,316,0
39.327845,21.317931,263,1650,263_1650,9,49,58,0,138,147,0,269,278,0
39.328713,21.317930,264,1650,264_1650,9,43,52,0,103,112,0,219,228,0
39.329581,21.317928,265,1650,265_1650,5,26,31,0,69,74,0,170,175,0
39.300941,21.317169,232,1651,232_1651,1,4,5,0,15,16,0,43,44,0
39.307884,21.317156,240,1651,240_1651,4,20,24,0,59,63,0,138,142,0
39.309619,21.317153,242,1651,242_1651,1,16,17,0,69,70,0,182,183,0
39.310487,21.317151,243,1651,243_1651,6,36,42,0,88,94,0,222,228,0
39.311355,21.317150,244,1651,244_1651,9,44,53,0,99,108,0,241,250,0
39.312223,21.317148,245,1651,245_1651,8,45,53,0,126,134,0,247,255,0
39.313090,21.317146,246,1651,246_1651,9,47,56,0,133,142,0,269,278,0
39.313958,21.317145,247,1651,247_1651,9,48,57,0,127,136,0,283,292,0
39.314826,21.317143,248,1651,248_1651,9,46,55,0,134,143,0,275,284,0
39.315694,21.317141,249,1651,249_1651,7,43,50,0,125,132,0,252,259,0
39.316562,21.317140,250,1651,250_1651,9,44,53,0,110,119,0,203,212,0
39.317429,21.317138,251,1651,251_1651,7,32,39,0,80,87,0,162,169,0
39.318297,21.317137,252,1651,252_1651,1,14,15,0,49,50,0,130,131,0
39.322636,21.317128,257,1651,257_1651,6,5,11,0,31,37,0,115,121,0
39.323504,21.317127,258,1651,258_1651,1,6,7,0,46,47,0,150,151,0
39.324372,21.317125,259,1651,259_1651,4,27,31,0,93,97,0,218,222,0
39.325240,21.317123,260,1651,260_1651,9,45,54,0,113,122,0,258,267,0
39.326108,21.317122,261,1651,261_1651,9,46,55,0,136,145,0,286,295,0
39.326975,21.317120,262,1651,262_1651,6,47,53,0,142,148,0,273,279,0
39.327843,21.317118,263,1651,263_1651,9,43,52,0,125,134,0,234,243,0
39.328711,21.317117,264,1651,264_1651,7,35,42,0,92,99,0,188,195,0
39.329579,21.317115,265,1651,265_1651,3,15,18,0,63,66,0,141,144,0
39.302675,21.316352,234,1652,234_1652,1,0,1,1,7,8,0,46,47,0
39.307882,21.316343,240,1652,240_1652,7,11,18,0,26,33,0,100,107,0
39.313956,21.316332,247,1652,247_1652,8,37,45,0,99,107,0,222,230,0
39.314824,21.316330,248,1652,248_1652,5,32,37,0,101,106,0,217,222,0
39.315692,21.316328,249,1652,249_1652,7,28,35,0,86,93,0,197,204,0
39.316560,21.316327,250,1652,250_1652,6,29,35,0,73,79,0,164,170,0
39.317428,21.316325,251,1652,251_1652,5,16,21,0,60,65,0,128,133,0
39.320899,21.316318,255,1652,255_1652,1,2,3,0,8,9,0,42,43,0
39.321767,21.316317,256,1652,256_1652,3,1,4,0,21,24,0,76,79,0
39.323502,21.316313,258,1652,258_1652,5,16,21,0,67,72,0,159,164,0
39.324370,21.316312,259,1652,259_1652,6,31,37,0,96,102,0,202,208,0
39.325238,21.316310,260,1652,260_1652,8,39,47,0,114,122,0,234,242,0
39.326106,21.316308,261,1652,261_1652,8,40,48,0,120,128,0,245,253,0
39.326974,21.316307,262,1652,262_1652,6,41,47,0,115,121,0,239,245,0
39.327841,21.316305,263,1652,263_1652,9,35,44,0,91,100,0,198,207,0
39.328709,21.316303,264,1652,264_1652,3,27,30,0,66,69,0,157,160,0
39.313955,21.315518,247,1653,247_1653,5,19,24,0,63,68,0,161,166,0
39.315690,21.315515,249,1653,249_1653,4,11,15,0,47,51,0,140,144,0
39.316558,21.315514,250,1653,250_1653,1,13,14,0,41,42,0,120,121,0
39.321765,21.315504,256,1653,256_1653,2,2,4,0,10,12,0,85,87,0
39.323501,21.315500,258,1653,258_1653,7,25,32,0,72,79,0,161,168,0
39.324368,21.315499,259,1653,259_1653,8,40,48,0,92,100,0,174,182,0
39.325236,21.315497,260,1653,260_1653,6,35,41,0,101,107,0,184,190,0
39.326104,21.315495,261,1653,261_1653,7,34,41,0,97,104,0,206,213,0
39.326972,21.315494,262,1653,262_1653,5,25,30,0,84,89,0,195,200,0
39.327840,21.315492,263,1653,263_1653,5,22,27,0,59,64,0,152,157,0
39.328707,21.315490,264,1653,264_1653,5,12,17,0,41,46,0,116,121,0
39.313085,21.314707,246,1654,246_1654,3,7,10,0,22,25,0,94,97,0
39.321763,21.314690,256,1654,256_1654,2,2,4,0,22,24,0,97,99,0
39.324367,21.314685,259,1654,259_1654,9,40,49,0,81,90,0,153,162,0
39.325234,21.314684,260,1654,260_1654,7,35,42,0,84,91,0,156,163,0
39.326102,21.314682,261,1654,261_1654,6,20,26,0,62,68,0,162,168,0
39.302670,21.313913,234,1655,234_1655,5,6,11,0,8,13,0,12,17,0
39.316555,21.313887,250,1655,250_1655,1,1,2,0,1,2,0,11,12,0
39.323497,21.313874,258,1655,258_1655,5,19,24,0,61,66,0,130,135,0
39.324365,21.313872,259,1655,259_1655,5,24,29,0,66,71,0,129,134,0
39.325233,21.313871,260,1655,260_1655,3,15,18,0,59,62,0,115,118,0
39.326100,21.313869,261,1655,261_1655,1,1,2,0,19,20,0,79,80,0
39.302668,21.313100,234,1656,234_1656,1,3,4,0,10,11,0,12,13,0
39.303536,21.313098,235,1656,235_1656,1,1,2,0,11,12,0,12,13,0
39.315685,21.313076,249,1656,249_1656,1,1,2,0,1,2,0,9,10,0
39.320892,21.313066,255,1656,255_1656,6,25,31,0,56,62,0,97,103,0
39.321760,21.313064,256,1656,256_1656,9,26,35,0,52,61,0,105,114,0
39.322627,21.313062,257,1656,257_1656,7,16,23,0,51,58,0,112,119,0
39.324363,21.313059,259,1656,259_1656,2,4,6,0,31,33,0,91,93,0
39.319155,21.312256,253,1657,253_1657,1,15,16,0,56,57,0,91,92,0
39.320022,21.312254,254,1657,254_1657,7,32,39,0,66,73,0,97,104,0
39.320890,21.312253,255,1657,255_1657,9,35,44,0,63,72,0,95,104,0
39.321758,21.312251,256,1657,256_1657,8,29,37,0,54,62,0,97,105,0
39.318285,21.311444,252,1658,252_1658,2,18,20,0,48,50,0,84,86,0
39.319153,21.311443,253,1658,253_1658,8,32,40,0,60,68,0,92,100,0
39.320021,21.311441,254,1658,254_1658,9,33,42,0,66,75,0,91,100,0
39.320888,21.311439,255,1658,255_1658,5,26,31,0,65,70,0,94,99,0
39.314812,21.310638,248,1659,248_1659,4,2,6,0,10,14,0,41,45,0
39.318283,21.310631,252,1659,252_1659,9,21,30,0,46,55,0,82,91,0
39.319151,21.310630,253,1659,253_1659,9,29,38,0,51,60,0,88,97,0
39.314810,21.309825,248,1660,248_1660,3,8,11,0,30,33,0,60,63,0
39.315678,21.309823,249,1660,249_1660,2,14,16,0,31,33,0,62,64,0
39.316546,21.309821,250,1660,250_1660,7,14,21,0,33,40,0,71,78,0
39.317414,21.309820,251,1660,251_1660,4,16,20,0,40,44,0,81,85,0
39.318281,21.309818,252,1660,252_1660,2,14,16,0,40,42,0,76,78,0
39.319149,21.309816,253,1660,253_1660,1,10,11,0,40,41,0,74,75,0
39.313941,21.309013,247,1661,247_1661,1,9,10,0,35,36,0,55,56,0
39.314809,21.309011,248,1661,248_1661,3,7,10,0,39,42,0,57,60,0
39.315676,21.309010,249,1661,249_1661,5,16,21,0,34,39,0,67,72,0
39.316544,21.309008,250,1661,250_1661,3,16,19,0,31,34,0,72,75,0
39.313071,21.308202,246,1662,246_1662,1,10,11,0,23,24,0,40,41,0
39.313939,21.308200,247,1662,247_1662,8,16,24,0,30,38,0,47,55,0
39.315675,21.308197,249,1662,249_1662,5,8,13,0,39,44,0,59,64,0
39.313937,21.307387,247,1663,247_1663,7,13,20,0,25,32,0,36,43,0
39.315673,21.307383,249,1663,249_1663,1,6,7,0,28,29,0,53,54,0
39.314803,21.306572,248,1664,248_1664,1,5,6,0,22,23,0,36,37,0
39.360149,21.397555,300,1552,300_1552,1,0,1,1,0,1,1,0,1,1
39.391327,21.367399,336,1589,336_1589,2,0,2,1,0,2,1,0,2,1
39.385246,21.365786,329,1591,329_1591,1,2,3,0,2,3,0,10,11,0
39.386982,21.365782,331,1591,331_1591,1,0,1,1,1,2,0,3,4,0
39.385244,21.364973,329,1592,329_1592,1,2,3,0,2,3,0,19,20,0
39.386112,21.364971,330,1592,330_1592,1,2,3,0,3,4,0,19,20,0
39.385239,21.363347,329,1594,329_1594,2,17,19,0,49,51,0,56,58,0
39.386107,21.363345,330,1594,330_1594,3,20,23,0,44,47,0,58,61,0
39.377425,21.362551,320,1595,320_1595,5,3,8,0,3,8,0,4,9,0
39.378293,21.362549,321,1595,321_1595,1,6,7,0,7,8,0,7,8,0
39.384369,21.362536,328,1595,328_1595,8,19,27,0,34,42,0,48,56,0
39.385237,21.362534,329,1595,329_1595,9,31,40,0,44,53,0,50,59,0
39.386105,21.362532,330,1595,330_1595,9,28,37,0,44,53,0,52,61,0
39.386973,21.362530,331,1595,331_1595,7,17,24,0,35,42,0,56,63,0
39.378291,21.361736,321,1596,321_1596,2,4,6,0,6,8,0,10,12,0
39.395650,21.360883,341,1597,341_1597,1,5,6,0,7,8,0,12,13,0
39.396518,21.360881,342,1597,342_1597,2,6,8,0,6,8,0,9,11,0
39.393911,21.360074,339,1598,339_1598,3,5,8,0,5,8,0,13,16,0
39.396516,21.360068,342,1598,342_1598,1,1,2,0,7,8,0,11,12,0
39.373076,21.359308,315,1599,315_1599,1,1,2,0,16,17,0,29,30,0
39.373072,21.357682,315,1601,315_1601,8,16,24,0,21,29,0,23,31,0
39.367856,21.354441,309,1605,309_1605,8,17,25,0,46,54,0,66,74,0
39.367854,21.353628,309,1606,309_1606,7,35,42,0,63,70,0,74,81,0
39.368722,21.353626,310,1606,310_1606,6,37,43,0,60,66,0,85,91,0
39.366115,21.352818,307,1607,307_1607,1,9,10,0,24,25,0,59,60,0
39.366983,21.352817,308,1607,308_1607,9,18,27,0,43,52,0,66,75,0
39.367851,21.352815,309,1607,309_1607,9,32,41,0,60,69,0,79,88,0
39.368719,21.352813,310,1607,310_1607,9,25,34,0,60,69,0,88,97,0
39.382608,21.352782,326,1607,326_1607,2,7,9,0,10,12,0,12,14,0
39.360037,21.352018,300,1608,300_1608,3,8,11,0,26,29,0,46,49,0
39.360905,21.352017,301,1608,301_1608,4,6,10,0,22,26,0,41,45,0
39.382606,21.351969,326,1608,326_1608,5,5,10,0,7,12,0,9,14,0
39.383474,21.351967,327,1608,327_1608,2,5,7,0,9,11,0,10,12,0
39.360035,21.351205,300,1609,300_1609,2,15,17,0,40,42,0,55,57,0
39.360903,21.351203,301,1609,301_1609,2,8,10,0,29,31,0,45,47,0
39.361771,21.351202,302,1609,302_1609,1,0,1,1,13,14,0,32,33,0
39.370451,21.351183,312,1609,312_1609,9,17,26,0,24,33,0,53,62,0
39.377395,21.351167,320,1609,320_1609,6,10,16,0,15,21,0,22,28,0
39.378263,21.351165,321,1609,321_1609,3,4,7,0,14,17,0,23,26,0
39.379999,21.351161,323,1609,323_1609,2,0,2,1,1,3,0,22,24,0
39.395624,21.351125,341,1609,341_1609,1,0,1,1,2,3,0,2,3,0
39.355693,21.350401,295,1610,295_1610,6,16,22,0,46,52,0,109,115,0
39.356561,21.350400,296,1610,296_1610,1,2,3,0,26,27,0,96,97,0
39.358297,21.350396,298,1610,298_1610,1,12,13,0,44,45,0,99,100,0
39.359165,21.350394,299,1610,299_1610,8,22,30,0,47,55,0,87,95,0
39.360033,21.350392,300,1610,300_1610,9,21,30,0,41,50,0,63,72,0
39.375657,21.350358,318,1610,318_1610,6,6,12,0,17,23,0,41,47,0
39.376525,21.350356,319,1610,319_1610,2,12,14,0,22,24,0,28,30,0
39.377393,21.350354,320,1610,320_1610,3,10,13,0,19,22,0,25,28,0
39.355691,21.349588,295,1611,295_1611,9,31,40,0,72,81,0,125,134,0
39.356559,21.349586,296,1611,296_1611,6,33,39,0,82,88,0,131,137,0
39.357427,21.349585,297,1611,297_1611,6,25,31,0,75,81,0,126,132,0
39.358295,21.349583,298,1611,298_1611,4,24,28,0,61,65,0,118,122,0
39.373919,21.349549,316,1611,316_1611,3,5,8,0,16,19,0,46,49,0
39.374787,21.349547,317,1611,317_1611,1,5,6,0,21,22,0,45,46,0
39.379995,21.349535,323,1611,323_1611,1,4,5,0,5,6,0,10,11,0
39.355689,21.348775,295,1612,295_1612,6,39,45,0,90,96,0,128,134,0
39.356557,21.348773,296,1612,296_1612,9,44,53,0,89,98,0,132,141,0
39.357425,21.348771,297,1612,297_1612,9,38,47,0,73,82,0,128,137,0
39.373917,21.348735,316,1612,316_1612,2,7,9,0,16,18,0,45,47,0
39.374785,21.348734,317,1612,317_1612,1,6,7,0,21,22,0,46,47,0
39.379993,21.348722,323,1612,323_1612,1,4,5,0,6,7,0,9,10,0
39.380861,21.348720,324,1612,324_1612,2,4,6,0,6,8,0,8,10,0
39.355687,21.347962,295,1613,295_1613,9,30,39,0,85,94,0,130,139,0
39.373915,21.347922,316,1613,316_1613,4,6,10,0,27,31,0,38,42,0
39.374783,21.347920,317,1613,317_1613,3,11,14,0,28,31,0,39,42,0
39.375651,21.347918,318,1613,318_1613,6,6,12,0,18,24,0,38,44,0
39.376519,21.347917,319,1613,319_1613,1,7,8,0,12,13,0,26,27,0
39.379991,21.347909,323,1613,323_1613,1,0,1,1,3,4,0,7,8,0
39.373045,21.347111,315,1614,315_1614,1,3,4,0,12,13,0,29,30,0
39.373913,21.347109,316,1614,316_1614,2,9,11,0,22,24,0,32,34,0
39.374781,21.347107,317,1614,317_1614,3,4,7,0,22,25,0,28,31,0
39.375649,21.347105,318,1614,318_1614,3,10,13,0,19,22,0,29,32,0
39.373043,21.346298,315,1615,315_1615,1,2,3,0,8,9,0,26,27,0
39.373911,21.346296,316,1615,316_1615,1,2,3,0,10,11,0,28,29,0
39.364359,21.344691,305,1617,305_1617,4,5,9,0,7,11,0,13,17,0
39.362619,21.343068,303,1619,303_1619,2,5,7,0,8,10,0,13,15,0
39.355672,21.341457,295,1621,295_1621,4,21,25,0,33,37,0,51,55,0
39.356540,21.341455,296,1621,296_1621,9,23,32,0,35,44,0,42,51,0
39.357408,21.341453,297,1621,297_1621,3,17,20,0,38,41,0,43,46,0
39.355670,21.340643,295,1622,295_1622,5,9,14,0,37,42,0,54,59,0
39.356538,21.340642,296,1622,296_1622,1,15,16,0,40,41,0,46,47,0
39.357406,21.340640,297,1622,297_1622,7,13,20,0,32,39,0,40,47,0
39.358274,21.340638,298,1622,298_1622,1,3,4,0,18,19,0,40,41,0
39.357404,21.339827,297,1623,297_1623,4,7,11,0,20,24,0,43,47,0
39.357402,21.339013,297,1624,297_1624,1,3,4,0,9,10,0,37,38,0
39.366081,21.338995,307,1624,307_1624,1,0,1,1,1,2,0,1,2,0
39.355664,21.338204,295,1625,295_1625,1,2,3,0,9,10,0,25,26,0
39.366947,21.338180,308,1625,308_1625,1,0,1,1,1,2,0,1,2,0
39.355662,21.337391,295,1626,295_1626,1,5,6,0,15,16,0,31,32,0
39.362603,21.336563,303,1627,303_1627,2,0,2,1,1,3,0,1,3,0
39.361733,21.335752,302,1628,302_1628,1,0,1,1,2,3,0,2,3,0
39.351425,21.380497,290,1573,290_1573,1,0,1,1,0,1,1,0,1,1
39.300194,21.376531,231,1578,231_1578,3,10,13,0,19,22,0,25,28,0
39.300192,21.375718,231,1579,231_1579,3,11,14,0,21,24,0,25,28,0
39.301061,21.375716,232,1579,232_1579,5,11,16,0,20,25,0,23,28,0
39.301929,21.375715,233,1579,233_1579,4,9,13,0,14,18,0,21,25,0
39.302797,21.375713,234,1579,234_1579,1,6,7,0,11,12,0,19,20,0
39.301059,21.374903,232,1580,232_1580,1,9,10,0,18,19,0,25,26,0
39.301927,21.374902,233,1580,233_1580,2,9,11,0,13,15,0,22,24,0
39.302795,21.374900,234,1580,234_1580,1,5,6,0,11,12,0,19,20,0
39.347057,21.369122,285,1587,285_1587,1,0,1,1,0,1,1,0,1,1
39.351380,21.361795,290,1596,290_1596,1,0,1,1,0,1,1,0,1,1
39.350507,21.359357,289,1599,289_1599,1,0,1,1,0,1,1,0,1,1
39.352225,21.352035,291,1608,291_1608,1,0,1,1,0,1,1,1,2,0
39.354825,21.350403,294,1610,294_1610,2,7,9,0,27,29,0,84,86,0
39.354823,21.349590,294,1611,294_1611,8,18,26,0,57,65,0,120,128,0
39.353953,21.348779,293,1612,293_1612,2,11,13,0,46,48,0,104,106,0
39.354821,21.348777,294,1612,294_1612,2,13,15,0,64,66,0,122,124,0
39.392532,21.493434,337,1434,337_1434,1,1,2,0,1,2,0,1,2,0
39.393400,21.493432,338,1434,338_1434,1,1,2,0,1,2,0,1,2,0
39.374273,21.488597,316,1440,316_1440,3,0,3,1,0,3,1,0,3,1
39.374263,21.484532,316,1445,316_1445,1,0,1,1,0,1,1,0,1,1
39.368177,21.482919,309,1447,309_1447,1,0,1,1,0,1,1,0,1,1
39.362082,21.477240,302,1454,302_1454,1,2,3,0,2,3,0,2,3,0
39.362951,21.477238,303,1454,303_1454,1,2,3,0,2,3,0,2,3,0
39.362949,21.476425,303,1455,303_1455,1,2,3,0,2,3,0,2,3,0
39.376844,21.474768,319,1457,319_1457,1,0,1,1,0,1,1,0,1,1
39.361117,21.438211,301,1502,301_1502,1,0,1,1,0,1,1,0,1,1
39.363712,21.434140,304,1507,304_1507,1,0,1,1,0,1,1,0,1,1
39.358480,21.425206,298,1518,298_1518,2,0,2,1,0,2,1,0,2,1
39.380184,21.422719,323,1521,323_1521,2,0,2,1,0,2,1,2,4,0
39.380178,21.420279,323,1524,323_1524,2,1,3,0,6,8,0,9,11,0
39.381046,21.420277,324,1524,324_1524,1,4,5,0,7,8,0,8,9,0
39.382783,21.420273,326,1524,326_1524,1,0,1,1,1,2,0,8,9,0
39.381044,21.419464,324,1525,324_1525,2,4,6,0,6,8,0,7,9,0
39.381913,21.419462,325,1525,325_1525,3,2,5,0,6,9,0,6,9,0
39.363648,21.408119,304,1539,304_1539,3,1,4,0,1,4,0,2,5,0
39.363636,21.403240,304,1545,304_1545,2,2,4,0,3,5,0,3,5,0
39.362766,21.402429,303,1546,303_1546,3,2,5,0,2,5,0,2,5,0
39.333463,21.499255,269,1427,269_1427,1,1,2,0,7,8,0,22,23,0
39.334332,21.499253,270,1427,270_1427,1,1,2,0,5,6,0,18,19,0
39.341283,21.499239,278,1427,278_1427,1,0,1,1,0,1,1,3,4,0
39.345627,21.499230,283,1427,283_1427,2,0,2,1,2,4,0,4,6,0
39.334330,21.498440,270,1428,270_1428,3,1,4,0,8,11,0,19,22,0
39.332590,21.497630,268,1429,268_1429,6,10,16,0,16,22,0,17,23,0
39.346492,21.497602,284,1429,284_1429,4,0,4,1,2,6,0,4,8,0
39.311736,21.496857,244,1430,244_1430,1,3,4,0,3,4,0,5,6,0
39.332589,21.496817,268,1430,268_1430,2,4,6,0,15,17,0,20,22,0
39.349097,21.496783,287,1430,287_1430,4,0,4,1,0,4,1,2,6,0
39.321290,21.495213,255,1432,255_1432,3,0,3,1,0,3,1,0,3,1
39.324761,21.493580,259,1434,259_1434,3,0,3,1,1,4,0,3,6,0
39.324758,21.491954,259,1436,259_1436,1,0,1,1,5,6,0,8,9,0
39.326496,21.491950,261,1436,261_1436,1,3,4,0,5,6,0,12,13,0
39.326494,21.491137,261,1437,261_1437,3,1,4,0,5,8,0,13,16,0
39.327359,21.489509,262,1439,262_1439,4,8,12,0,14,18,0,22,26,0
39.327357,21.488696,262,1440,262_1440,3,9,12,0,16,19,0,22,25,0
39.328226,21.488694,263,1440,263_1440,6,9,15,0,15,21,0,20,26,0
39.328224,21.487881,263,1441,263_1441,2,8,10,0,16,18,0,22,24,0
39.329093,21.487879,264,1441,264_1441,4,5,9,0,14,18,0,19,23,0
39.329962,21.487878,265,1441,265_1441,1,2,3,0,9,10,0,21,22,0
39.332563,21.485433,268,1444,268_1444,4,7,11,0,12,16,0,14,18,0
39.334300,21.485430,270,1444,270_1444,3,5,8,0,9,12,0,13,16,0
39.306490,21.481417,238,1449,238_1449,2,1,3,0,1,3,0,1,3,0
39.334287,21.479738,270,1451,270_1451,2,0,2,1,0,2,1,0,2,1
39.316908,21.478145,250,1453,250_1453,1,0,1,1,0,1,1,0,1,1
39.300399,21.476549,231,1455,231_1455,1,3,4,0,5,6,0,5,6,0
39.353383,21.472380,292,1460,292_1460,1,0,1,1,0,1,1,0,1,1
39.308204,21.470030,240,1463,240_1463,2,0,2,1,2,4,0,11,13,0
39.318626,21.469197,252,1464,252_1464,1,3,4,0,5,6,0,5,6,0
39.353375,21.469127,292,1464,292_1464,2,3,5,0,5,7,0,6,8,0
39.308200,21.468403,240,1465,240_1465,4,6,10,0,16,20,0,16,20,0
39.309938,21.468400,242,1465,242_1465,1,0,1,1,4,5,0,17,18,0
39.316887,21.468387,250,1465,250_1465,1,3,4,0,5,6,0,5,6,0
39.317756,21.468386,251,1465,251_1465,4,2,6,0,2,6,0,2,6,0
39.341211,21.468339,278,1465,278_1465,2,9,11,0,18,20,0,21,23,0
39.342080,21.468338,279,1465,279_1465,6,9,15,0,16,22,0,17,23,0
39.307330,21.467592,239,1466,239_1466,5,10,15,0,12,17,0,15,20,0
39.353367,21.465875,292,1468,292_1468,1,0,1,1,0,1,1,3,4,0
39.340331,21.463462,277,1471,277_1471,1,4,5,0,4,5,0,4,5,0
39.313341,21.435055,246,1506,246_1506,2,0,2,1,0,2,1,0,2,1
39.341958,21.416296,279,1529,279_1529,1,0,1,1,0,1,1,0,1,1
39.324102,21.587906,258,1318,258_1318,1,0,1,1,0,1,1,0,1,1
39.309312,21.583055,241,1324,241_1324,1,1,2,0,2,3,0,2,3,0
39.311050,21.583052,243,1324,243_1324,1,1,2,0,2,3,0,2,3,0
39.337111,21.574057,273,1335,273_1335,1,0,1,1,0,1,1,0,1,1
39.361273,21.501636,301,1424,301_1424,1,0,1,1,0,1,1,0,1,1
39.319659,21.544005,253,1372,253_1372,1,1,2,0,1,2,0,1,2,0
39.353492,21.517916,292,1404,292_1404,1,1,2,0,1,2,0,1,2,0
39.305696,21.517197,237,1405,237_1405,1,0,1,1,1,2,0,3,4,0
39.353491,21.517103,292,1405,292_1405,1,1,2,0,1,2,0,1,2,0
39.314384,21.516368,247,1406,247_1406,1,0,1,1,0,1,1,0,1,1
39.317858,21.515548,251,1407,251_1407,1,1,2,0,1,2,0,1,2,0
39.318727,21.515547,252,1407,252_1407,1,1,2,0,1,2,0,1,2,0
39.309158,21.510686,241,1413,241_1413,1,0,1,1,0,1,1,0,1,1
39.343913,21.508991,281,1415,281_1415,1,2,3,0,2,3,0,5,6,0
39.344781,21.508990,282,1415,282_1415,2,1,3,0,1,3,0,4,6,0
39.343040,21.507367,280,1417,280_1417,1,2,3,0,6,7,0,21,22,0
39.340431,21.506559,277,1418,277_1418,1,0,1,1,4,5,0,20,21,0
39.342169,21.506556,279,1418,279_1418,2,3,5,0,13,15,0,22,24,0
39.343038,21.506554,280,1418,280_1418,1,3,4,0,11,12,0,22,23,0
39.341298,21.505744,278,1419,278_1419,2,1,3,0,13,15,0,28,30,0
39.343036,21.505741,280,1419,280_1419,5,7,12,0,13,18,0,19,24,0
39.343905,21.505739,281,1419,281_1419,1,10,11,0,13,14,0,20,21,0
39.338689,21.504936,275,1420,275_1420,1,9,10,0,17,18,0,27,28,0
39.339558,21.504935,276,1420,276_1420,4,8,12,0,14,18,0,25,29,0
39.340427,21.504933,277,1420,277_1420,2,2,4,0,12,14,0,28,30,0
39.343034,21.504927,280,1420,280_1420,4,8,12,0,12,16,0,20,24,0
39.343903,21.504926,281,1420,281_1420,2,9,11,0,11,13,0,19,21,0
39.345641,21.504922,283,1420,283_1420,3,0,3,1,2,5,0,16,19,0
39.338688,21.504123,275,1421,275_1421,6,10,16,0,19,25,0,22,28,0
39.339556,21.504121,276,1421,276_1421,2,11,13,0,18,20,0,26,28,0
39.347377,21.504105,285,1421,285_1421,1,2,3,0,5,6,0,7,8,0
39.348246,21.504104,286,1421,286_1421,3,2,5,0,2,5,0,5,8,0
39.349115,21.504102,287,1421,287_1421,1,1,2,0,4,5,0,4,5,0
39.316963,21.503353,250,1422,250_1422,1,2,3,0,2,3,0,2,3,0
39.336948,21.503314,273,1422,273_1422,1,7,8,0,12,13,0,29,30,0
39.337817,21.503312,274,1422,274_1422,6,7,13,0,15,21,0,28,34,0
39.338686,21.503310,275,1422,275_1422,1,9,10,0,21,22,0,26,27,0
39.336946,21.502500,273,1423,273_1423,2,5,7,0,13,15,0,27,29,0
39.337815,21.502499,274,1423,274_1423,1,8,9,0,14,15,0,31,32,0
39.336944,21.501687,273,1424,273_1424,2,4,6,0,8,10,0,22,24,0
39.310875,21.500925,243,1425,243_1425,2,4,6,0,6,8,0,8,10,0
39.311744,21.500923,244,1425,244_1425,1,6,7,0,7,8,0,9,10,0
39.311743,21.500110,244,1426,244_1426,5,3,8,0,5,10,0,5,10,0
39.338678,21.500057,275,1426,275_1426,4,2,6,0,2,6,0,11,15,0
39.359877,21.639873,299,1254,299_1254,1,0,1,1,5,6,0,5,6,0
39.359003,21.638249,298,1256,298_1256,3,2,5,0,3,6,0,3,6,0
39.388549,21.629238,332,1267,332_1267,2,3,5,0,7,9,0,7,9,0
39.386808,21.628429,330,1268,330_1268,1,3,4,0,7,8,0,8,9,0
39.387677,21.628427,331,1268,331_1268,4,4,8,0,5,9,0,5,9,0
39.388547,21.628425,332,1268,332_1268,2,5,7,0,7,9,0,7,9,0
39.363325,21.627669,303,1269,303_1269,5,4,9,0,4,9,0,4,9,0
39.314647,21.638339,247,1256,247_1256,1,7,8,0,10,11,0,13,14,0
39.313776,21.637528,246,1257,246_1257,1,5,6,0,10,11,0,25,26,0
39.314642,21.635900,247,1259,247_1259,1,9,10,0,16,17,0,31,32,0
39.315512,21.635898,248,1259,248_1259,3,11,14,0,19,22,0,29,32,0
39.316382,21.635896,249,1259,249_1259,3,9,12,0,15,18,0,28,31,0
39.317251,21.635895,250,1259,250_1259,1,7,8,0,11,12,0,22,23,0
39.314640,21.635086,247,1260,247_1260,6,5,11,0,11,17,0,27,33,0
39.315510,21.635085,248,1260,248_1260,1,9,10,0,18,19,0,30,31,0
39.316380,21.635083,249,1260,249_1260,3,9,12,0,15,18,0,26,29,0
39.313769,21.634275,246,1261,246_1261,1,3,4,0,9,10,0,22,23,0
39.311151,21.630214,243,1266,243_1266,1,4,5,0,4,5,0,8,9,0
39.301583,21.629419,232,1267,232_1267,1,5,6,0,9,10,0,11,12,0
39.301581,21.628606,232,1268,232_1268,2,7,9,0,7,9,0,15,17,0
39.309407,21.627778,241,1269,241_1269,8,5,13,0,12,20,0,27,35,0
39.304185,21.626161,235,1271,235_1271,2,6,8,0,6,8,0,19,21,0
39.309403,21.626152,241,1271,241_1271,3,12,15,0,27,30,0,32,35,0
39.303314,21.625350,234,1272,234_1272,1,8,9,0,11,12,0,30,31,0
39.308532,21.625340,240,1272,240_1272,7,14,21,0,17,24,0,28,35,0
39.309401,21.625339,241,1272,241_1272,1,12,13,0,23,24,0,34,35,0
39.303312,21.624537,234,1273,234_1273,1,8,9,0,12,13,0,34,35,0
39.303311,21.623724,234,1274,234_1274,2,6,8,0,27,29,0,44,46,0
39.303309,21.622910,234,1275,234_1275,4,16,20,0,27,31,0,54,58,0
39.303307,21.622097,234,1276,234_1276,6,19,25,0,33,39,0,48,54,0
39.305045,21.621281,236,1277,236_1277,1,1,2,0,24,25,0,43,44,0
39.304173,21.620469,235,1278,235_1278,9,9,18,0,18,27,0,33,42,0
39.316346,21.619634,249,1279,249_1279,2,0,2,1,0,2,1,0,2,1
39.313732,21.617199,246,1282,246_1282,1,0,1,1,0,1,1,0,1,1
39.310562,21.761130,242,1105,242_1105,1,0,1,1,1,2,0,1,2,0
39.312303,21.761126,244,1105,244_1105,1,0,1,1,1,2,0,1,2,0
