lon,lat
39.07992,22.2987
39.07941,22.29658
39.07889,22.29446
39.07838,22.29234
39.07787,22.29022
39.07735,22.2881
39.07684,22.28598
39.07633,22.28386
39.07582,22.28174
39.0753,22.27962
39.07479,22.2775
39.07428,22.27538
39.07377,22.27326
39.07325,22.27114
39.07182,22.26961
39.07039,22.26807
39.06896,22.26653
39.06754,22.265
39.06611,22.26346
39.06468,22.26192
39.06325,22.26038
39.06182,22.25885
39.06039,22.25731
39.05896,22.25577
39.05753,22.25423
39.0561,22.2527
39.05467,22.25116
39.05324,22.24962
39.05181,22.24808
39.05038,22.24655
39.04895,22.24501
39.04752,22.24347
39.04609,22.24193
39.04466,22.2404
39.04323,22.23886
39.0418,22.23732
39.04037,22.23578
39.03976,22.23354
39.03914,22.23129
39.03852,22.22904
39.03791,22.22679
39.03729,22.22454
39.03667,22.2223
39.03606,22.22005
39.03544,22.2178
39.03482,22.21555
39.0342,22.2133
39.03359,22.21106
39.03297,22.20881
39.03297,22.20665
39.03297,22.20449
39.03297,22.20233
39.03297,22.20017
39.03297,22.19801
39.03297,22.19586
39.03297,22.1937
39.03297,22.19154
39.03297,22.18938
39.03297,22.18722
39.03297,22.18506
39.03297,22.1829
39.03297,22.18074
39.03297,22.17859
39.03297,22.17643
39.03297,22.17427
39.03297,22.17211
39.03297,22.16995
39.03297,22.16779
39.03236,22.16536
39.03175,22.16294
39.03114,22.16051
39.03053,22.15808
39.02992,22.15565
39.02931,22.15322
39.02799,22.15108
39.02667,22.14893
39.02535,22.14678
39.02403,22.14463
39.02272,22.14248
39.02186,22.13976
39.02101,22.13703
39.02015,22.1343
39.0193,22.13158
39.02027,22.12948
39.02125,22.12738
39.02223,22.12528
39.0232,22.12318
39.02418,22.12109
39.02516,22.11899
39.02613,22.11689
39.02697,22.1189
39.02781,22.12091
39.02865,22.12292
39.02948,22.12493
39.03032,22.12694
39.03116,22.12895
39.032,22.13096
39.03284,22.13297
39.03367,22.13498
39.03451,22.13699
39.03535,22.139
39.03619,22.14102
39.03702,22.14303
39.03786,22.14504
39.0387,22.14705
39.03954,22.14906
39.04037,22.15107
39.04351,22.15107
39.04664,22.15107
39.0464,22.14882
39.04615,22.14657
39.04591,22.14431
39.04566,22.14206
39.04542,22.13981
39.04518,22.13756
39.04493,22.13531
39.04469,22.13306
39.04444,22.1308
39.04395,22.12872
39.04345,22.12663
39.04295,22.12454
39.04246,22.12245
39.04196,22.12036
39.04146,22.11828
39.04097,22.11619
39.04047,22.1141
39.03997,22.11201
39.03948,22.10992
39.03898,22.10784
39.03848,22.10575
39.03799,22.10366
39.03749,22.10157
39.03699,22.09948
39.03649,22.0974
39.036,22.09531
39.0355,22.09322
39.035,22.09113
39.03475,22.08877
39.0345,22.0864
39.03424,22.08404
39.03399,22.08167
39.03373,22.07931
39.03348,22.07694
39.03322,22.07458
39.03297,22.07221
39.03004,22.06708
39.02812,22.0658
39.0262,22.06451
39.02429,22.06323
39.02237,22.06195
39.02045,22.06066
39.01853,22.05938
39.01661,22.05809
39.01246,22.05427
39.01185,22.0516
39.01124,22.04894
39.01063,22.04627
39.01002,22.04361
39.01002,22.04117
39.01002,22.03873
39.01002,22.0363
39.01002,22.03386
39.01002,22.03142
39.01002,22.02899
39.01002,22.02655
39.01002,22.02412
39.00959,22.0219
39.00915,22.01969
39.00872,22.01748
39.00829,22.01527
39.00786,22.01306
39.00742,22.01085
39.00699,22.00864
39.00656,22.00643
39.00613,22.00422
39.00569,22.002
39.00326,22.00203
39.00082,22.00206
38.99839,22.00209
38.99595,22.00212
38.99352,22.00215
38.99108,22.00218
38.98865,22.00221
38.98621,22.00224
38.98486,22.00385
38.98351,22.00546
38.98215,22.00707
38.9808,22.00868
38.97945,22.01029
38.97809,22.0119
38.97674,22.01351
38.97539,22.01512
38.97403,22.01673
38.97268,22.01834
38.97133,22.01995
38.96997,22.02156
38.96862,22.02317
38.96726,22.02478
38.96591,22.02639
38.96456,22.028
38.9632,22.02961
38.96185,22.03122
38.9605,22.03283
38.95914,22.03444
38.95711,22.03373
38.95507,22.03302
38.95303,22.03231
38.95099,22.03159
38.94896,22.03088
38.94692,22.03017
38.94488,22.02946
38.94284,22.02875
38.94081,22.02803
38.93877,22.02732
38.93673,22.02661
38.93469,22.0259
38.93265,22.02519
38.93248,22.0228
38.9323,22.02041
38.93213,22.01802
38.93195,22.01563
38.93178,22.01324
38.9316,22.01085
38.93143,22.00846
38.93125,22.00607
38.93169,22.00407
38.93213,22.00207
38.93256,22.00006
38.933,21.99806
38.93344,21.99605
38.93387,21.99405
38.93431,21.99205
38.93475,21.99004
38.93518,21.98804
38.93562,21.98604
38.93606,21.98403
38.9365,21.98203
38.93693,21.98002
38.93737,21.97802
38.93781,21.97602
38.93824,21.97401
38.93868,21.97201
38.93912,21.97001
38.93955,21.968
38.93999,21.966
38.94043,21.96399
38.94086,21.96199
38.9413,21.95999
38.94174,21.95798
38.94217,21.95598
38.94261,21.95398
38.94305,21.95197
38.94348,21.94997
38.94392,21.94796
38.94436,21.94596
38.94479,21.94396
38.94523,21.94195
38.94567,21.93995
38.9461,21.93795
38.94654,21.93594
38.94698,21.93394
38.94741,21.93193
38.94785,21.92993
38.94829,21.92793
38.94872,21.92592
38.94916,21.92392
38.9496,21.92192
38.9505,21.92005
38.95141,21.91818
38.95231,21.91631
38.95322,21.91444
38.95412,21.91257
38.95503,21.9107
38.95593,21.90883
38.95684,21.90696
38.95774,21.90509
38.95865,21.90322
38.95955,21.90135
38.96046,21.89948
38.96136,21.89761
38.96227,21.89574
38.96317,21.89387
38.96408,21.892
38.96498,21.89012
38.96589,21.88825
38.96679,21.88638
38.9677,21.88451
38.9686,21.88264
38.96951,21.88077
38.97041,21.8789
38.97132,21.87703
38.97222,21.87516
38.97312,21.87329
38.97403,21.87142
38.97493,21.86955
38.97584,21.86768
38.97674,21.86581
38.97765,21.86394
38.97855,21.86207
38.97991,21.86047
38.98127,21.85888
38.98262,21.85728
38.98398,21.85568
38.98534,21.85408
38.98669,21.85248
38.98805,21.85088
38.9894,21.84928
38.99076,21.84768
38.99212,21.84608
38.99347,21.84448
38.99483,21.84288
38.99619,21.84128
38.99754,21.83968
38.9989,21.83808
39.00026,21.83648
39.00161,21.83488
39.00297,21.83328
39.00432,21.83169
39.00568,21.83009
39.00704,21.82849
39.00839,21.82689
39.00975,21.82529
39.01111,21.82369
39.01246,21.82209
39.0145,21.81875
39.01542,21.81623
39.01634,21.81371
39.01726,21.81118
39.0193,21.80781
39.02164,21.80654
39.02399,21.80527
39.02633,21.804
39.02867,21.80273
39.03102,21.80146
39.03297,21.80097
39.03395,21.79819
39.03492,21.79541
39.0359,21.79263
39.03611,21.79026
39.03632,21.7879
39.03653,21.78553
39.03674,21.78317
39.03695,21.7808
39.03715,21.77843
39.03736,21.77607
39.03837,21.77299
39.03937,21.76991
39.04037,21.76683
39.04206,21.76413
39.04374,21.76143
39.04542,21.75873
39.04949,21.75483
39.05388,21.75186
39.05603,21.75004
39.05817,21.74822
39.06031,21.7464
39.06145,21.74358
39.06259,21.74076
39.06373,21.73794
39.06361,21.734
39.06349,21.73005
39.06674,21.72525
39.06908,21.72534
39.07141,21.72544
39.07374,21.72553
39.07607,21.72563
39.07841,21.72572
39.08074,21.72582
39.08329,21.72736
39.08584,21.72891
39.08839,21.73046
39.08969,21.73263
39.09099,21.73481
39.0923,21.73699
39.0936,21.73916
39.09436,21.74125
39.09513,21.74333
39.09589,21.74541
39.09666,21.7475
39.09742,21.74958
39.09819,21.75166
39.09895,21.75375
39.09972,21.75583
39.10048,21.75791
39.10125,21.76
39.10255,21.75796
39.10385,21.75593
39.10515,21.75389
39.10646,21.75186
39.10776,21.74982
39.10906,21.74779
39.10898,21.74518
39.1089,21.74257
39.10882,21.73996
39.10873,21.73734
39.10865,21.73473
39.10857,21.73212
39.10773,21.72986
39.10689,21.72761
39.10605,21.72535
39.10521,21.72309
39.10437,21.72083
39.10353,21.71857
39.10084,21.7157
39.09816,21.71284
39.09581,21.71203
39.09346,21.71122
39.09111,21.71041
39.08876,21.7096
39.08641,21.70879
39.08406,21.70798
39.08171,21.70717
39.07936,21.70637
39.07903,21.7039
39.0787,21.70143
39.07838,21.69896
39.07805,21.69649
39.07773,21.69402
39.0774,21.69156
39.07823,21.68947
39.07906,21.68739
39.07988,21.6853
39.08071,21.68322
39.08153,21.68113
39.08236,21.67905
39.08319,21.67696
39.08401,21.67488
39.08484,21.67279
39.08567,21.67071
39.08649,21.66862
39.08732,21.66654
39.08814,21.66446
39.08831,21.66217
39.08848,21.65988
39.08865,21.6576
39.08882,21.65531
39.08899,21.65303
39.08916,21.65074
39.08933,21.64846
39.0895,21.64617
39.08967,21.64389
39.08984,21.6416
39.09001,21.63932
39.09018,21.63703
39.09008,21.6348
39.08997,21.63258
39.08987,21.63035
39.08976,21.62812
39.08966,21.6259
39.08955,21.62367
39.08945,21.62145
39.08934,21.61922
39.08924,21.61699
39.08913,21.61477
39.08903,21.61254
39.08892,21.61031
39.08882,21.60809
39.08872,21.60586
39.08899,21.60361
39.08927,21.60135
39.08954,21.5991
39.08982,21.59685
39.09009,21.59459
39.09037,21.59234
39.09064,21.59009
39.09092,21.58783
39.09119,21.58558
39.09147,21.58333
39.09175,21.58107
39.09202,21.57882
39.0923,21.57656
39.09366,21.57473
39.09502,21.5729
39.09639,21.57107
39.09775,21.56924
39.09911,21.56741
39.10047,21.56558
39.10184,21.56375
39.1032,21.56192
39.10456,21.56009
39.10593,21.55825
39.10729,21.55642
39.10865,21.55459
39.10618,21.55253
39.10372,21.55047
39.10125,21.54841
39.10216,21.54638
39.10307,21.54435
39.10398,21.54233
39.10489,21.5403
39.10581,21.53828
39.10672,21.53625
39.10763,21.53422
39.10854,21.5322
39.10945,21.53017
39.11036,21.52814
39.11194,21.52627
39.11351,21.5244
39.11508,21.52253
39.11666,21.52066
39.11823,21.51878
39.1198,21.51691
39.12237,21.51758
39.12493,21.51826
39.12749,21.51893
39.13006,21.5196
39.13121,21.52154
39.13236,21.52348
39.13352,21.52541
39.13467,21.52735
39.13583,21.52929
39.13698,21.53123
39.13813,21.53317
39.13929,21.53511
39.14044,21.53704
39.1416,21.53898
39.14275,21.54092
39.1437,21.53897
39.14466,21.53702
39.14561,21.53508
39.14656,21.53313
39.14751,21.53118
39.14847,21.52923
39.14942,21.52728
39.15037,21.52533
39.15132,21.52339
39.15228,21.52144
39.15323,21.51949
39.15418,21.51754
39.15514,21.51559
39.15609,21.51364
39.15704,21.5117
39.15799,21.50975
39.15895,21.5078
39.15924,21.50513
39.15953,21.50246
39.15983,21.49979
39.16012,21.49712
39.16041,21.49445
39.15826,21.49269
39.15611,21.49094
39.15397,21.48918
39.15182,21.48742
39.14967,21.48566
39.14967,21.48013
39.15134,21.47844
39.15301,21.47675
39.15469,21.47506
39.15636,21.47337
39.15803,21.47167
39.15971,21.46998
39.16138,21.46829
39.16305,21.4666
39.16472,21.46491
39.16531,21.46269
39.1659,21.46047
39.16649,21.45824
39.16708,21.45602
39.16767,21.4538
39.16825,21.45158
39.16884,21.44935
39.16943,21.44713
39.17002,21.44491
39.17061,21.44269
39.1712,21.44047
39.17179,21.43824
39.17237,21.43602
39.17228,21.43374
39.17219,21.43146
39.1721,21.42919
39.172,21.42691
39.17191,21.42463
39.17182,21.42235
39.17172,21.42007
39.17163,21.41779
39.17154,21.41551
39.17144,21.41323
39.17135,21.41096
39.17126,21.40868
39.17116,21.4064
39.17107,21.40412
39.17014,21.4021
39.16921,21.40007
39.16828,21.39805
39.16736,21.39602
39.16643,21.394
39.1655,21.39197
39.16457,21.38995
39.16364,21.38793
39.16271,21.3859
39.16178,21.38388
39.16085,21.38185
39.15992,21.37983
39.15834,21.37853
39.15676,21.37724
39.15517,21.37594
39.15359,21.37464
39.152,21.37335
39.15042,21.37205
39.14884,21.37075
39.14725,21.36946
39.14567,21.36816
39.14409,21.36686
39.1425,21.36557
39.14092,21.36427
39.13934,21.36298
39.13775,21.36168
39.13617,21.36038
39.13458,21.35909
39.133,21.35779
39.13142,21.35649
39.12983,21.3552
39.12825,21.3539
39.12667,21.3526
39.12508,21.35131
39.1235,21.35001
39.12192,21.34871
39.12033,21.34742
39.11875,21.34612
39.11716,21.34483
39.11558,21.34353
39.114,21.34223
39.11241,21.34094
39.11083,21.33964
39.10925,21.33834
39.10766,21.33705
39.10608,21.33575
39.10449,21.33445
39.10291,21.33316
39.10133,21.33186
39.09974,21.33057
39.09816,21.32927
39.09658,21.32797
39.09499,21.32668
39.09341,21.32538
39.09183,21.32408
39.09024,21.32279
39.08866,21.32149
39.08707,21.32019
39.08549,21.3189
39.08391,21.3176
39.08232,21.31631
39.08074,21.31501
39.0819,21.31328
39.08305,21.31154
39.08421,21.30981
39.08537,21.30808
39.08653,21.30634
39.08768,21.30461
39.08884,21.30288
39.09,21.30114
39.09116,21.29941
39.09231,21.29768
39.09347,21.29594
39.09463,21.29421
39.09579,21.29248
39.09694,21.29075
39.0981,21.28901
39.09926,21.28728
39.10042,21.28555
39.10157,21.28381
39.10273,21.28208
39.10389,21.28035
39.10505,21.27861
39.1062,21.27688
39.10736,21.27515
39.10852,21.27341
39.10968,21.27168
39.11083,21.26995
39.11199,21.26822
39.11428,21.26691
39.11657,21.26561
39.11887,21.26431
39.12116,21.26301
39.12345,21.2617
39.12574,21.2604
39.12692,21.2587
39.12809,21.257
39.12926,21.25529
39.13043,21.25359
39.1316,21.25188
39.13278,21.25018
39.13395,21.24848
39.13512,21.24677
39.13629,21.24507
39.13747,21.24336
39.13864,21.24166
39.13981,21.23996
39.14098,21.23825
39.14216,21.23655
39.14333,21.23484
39.1445,21.23314
39.14567,21.23144
39.14685,21.22973
39.14802,21.22803
39.14919,21.22632
39.15036,21.22462
39.15154,21.22292
39.15271,21.22121
39.15388,21.21951
39.15505,21.21781
39.15622,21.2161
39.1574,21.2144
39.15857,21.21269
39.15974,21.21099
39.16091,21.20929
39.16209,21.20758
39.16326,21.20588
39.16441,21.20348
39.16556,21.20108
39.16672,21.19868
39.16787,21.19628
39.16902,21.19387
39.17018,21.19147
39.1692,21.18838
39.16822,21.18529
39.16664,21.18317
39.16505,21.18106
39.16346,21.17894
39.16188,21.17682
39.16029,21.17471
39.1587,21.17259
39.15651,21.16755
39.15705,21.16464
39.1576,21.16173
39.15815,21.15882
39.1587,21.15591
39.15973,21.15373
39.16076,21.15155
39.16179,21.14937
39.16283,21.14719
39.16386,21.14501
39.16489,21.14284
39.16592,21.14066
39.16695,21.13848
39.16798,21.1363
39.16847,21.13419
39.16896,21.13208
39.16944,21.12997
39.16993,21.12786
39.17042,21.12575
39.17091,21.12364
39.1714,21.12153
39.17189,21.11942
39.17237,21.11731
39.17286,21.1152
39.17335,21.11309
39.17384,21.11098
39.17433,21.10887
39.17591,21.10721
39.17749,21.10555
39.17907,21.10389
39.18065,21.10222
39.18223,21.10056
39.18381,21.0989
39.1854,21.09724
39.18715,21.09607
39.18891,21.09491
39.19066,21.09374
39.19242,21.09258
39.19418,21.09141
39.19593,21.09025
39.19769,21.08908
39.19945,21.08792
39.2012,21.08675
39.20296,21.08559
39.20472,21.08442
39.20647,21.08326
39.20823,21.08209
39.20999,21.08093
39.21174,21.07976
39.2135,21.0786
39.21525,21.07743
39.21701,21.07627
39.21877,21.0751
39.22052,21.07394
39.22228,21.07278
39.22404,21.07161
39.22579,21.07045
39.22755,21.06928
39.23081,21.06824
39.23406,21.06721
39.2378,21.06289
39.23805,21.0605
39.23829,21.05811
39.23854,21.05572
39.23878,21.05332
39.23902,21.05093
39.24003,21.04785
39.24103,21.04477
39.24204,21.04169
39.24399,21.04044
39.24594,21.03919
39.24789,21.03794
39.24985,21.03669
39.2518,21.03544
39.25375,21.03419
39.25571,21.03294
39.25679,21.02992
39.25788,21.0269
39.25896,21.02387
39.25901,21.02168
39.25907,21.0195
39.25912,21.01731
39.25917,21.01513
39.25922,21.01294
39.25927,21.01075
39.25932,21.00857
39.25938,21.00638
39.25943,21.0042
39.25948,21.00201
39.25953,20.99982
39.25994,20.99743
39.26035,20.99503
39.26075,20.99264
39.26116,20.99024
39.26157,20.98785
39.26197,20.98545
39.26238,20.98306
39.26344,20.98064
39.2645,20.97823
39.26555,20.97582
39.26661,20.9734
39.26767,20.97099
39.26873,20.96857
39.26995,20.96681
39.27118,20.96504
39.2724,20.96328
39.27363,20.96151
39.27485,20.95975
39.27607,20.95798
39.2773,20.95621
39.27852,20.95445
39.27975,20.95268
39.28097,20.95092
39.28219,20.94915
39.28342,20.94739
39.28464,20.94562
39.28587,20.94386
39.28709,20.94209
39.28832,20.94032
39.28954,20.93856
39.29076,20.93679
39.29199,20.93503
39.29321,20.93326
39.29444,20.9315
39.29566,20.92973
39.29689,20.92796
39.29713,20.92398
39.30036,20.92468
39.30359,20.92539
39.30681,20.92609
39.30946,20.9271
39.3121,20.92811
39.31475,20.92911
39.31739,20.93012
39.32,20.93055
39.3226,20.93098
39.32521,20.9314
39.32781,20.93183
39.33021,20.93072
39.33261,20.92961
39.33501,20.9285
39.33741,20.9274
39.3401,20.92566
39.34278,20.92392
39.34547,20.92219
39.34913,20.92103
39.35279,20.91987
39.3556,20.91761
39.35841,20.91535
39.35909,20.91298
39.35978,20.91061
39.36046,20.90825
39.36114,20.90588
39.36183,20.90351
39.36073,20.90011
39.35963,20.89672
39.35609,20.89781
39.35255,20.89891
39.35003,20.901
39.3475,20.90309
39.34498,20.90518
39.34291,20.90774
39.34083,20.9103
39.34066,20.90802
39.34049,20.90573
39.34032,20.90344
39.34015,20.90116
39.33998,20.89887
39.33981,20.89658
39.33963,20.8943
39.33946,20.89201
39.33929,20.88972
39.33912,20.88744
39.34049,20.88578
39.34187,20.88413
39.34324,20.88247
39.34461,20.88082
39.34598,20.87916
39.34736,20.87751
39.34873,20.87585
39.3501,20.8742
39.35148,20.87254
39.35285,20.87089
39.35422,20.86923
39.35559,20.86758
39.35697,20.86593
39.35834,20.86427
39.35971,20.86262
39.3615,20.86127
39.36329,20.85993
39.36508,20.85859
39.36687,20.85724
39.36866,20.8559
39.37045,20.85456
39.37224,20.85322
39.37403,20.85187
39.37582,20.85053
39.37761,20.84919
39.37941,20.84785
39.3812,20.8465
39.38299,20.84516
39.38478,20.84382
39.38657,20.84247
39.38836,20.84113
39.3903,20.83997
39.39223,20.83881
39.39417,20.83765
39.39611,20.83649
39.39805,20.83532
39.39999,20.83416
39.40193,20.833
39.40386,20.83184
39.4058,20.83068
39.40774,20.82952
39.40968,20.82835
39.40988,20.83067
39.41009,20.83298
39.41029,20.8353
39.41049,20.83761
39.4107,20.83993
39.4109,20.84224
39.4111,20.84455
39.41131,20.84687
39.41676,20.8465
39.4181,20.84469
39.41944,20.84287
39.42079,20.84106
39.42213,20.83924
39.42347,20.83743
39.42482,20.83561
39.42616,20.8338
39.4275,20.83198
39.42884,20.83017
39.43019,20.82835
39.43373,20.82705
39.43727,20.82575
39.44064,20.82669
39.44402,20.82762
39.44874,20.8273
39.44939,20.82414
39.45004,20.82098
39.45069,20.81782
39.45094,20.8147
39.45118,20.81159
39.45265,20.80614
39.45362,20.80376
39.4546,20.80139
39.4354,20.80077
39.43284,20.80264
39.4303,20.80451
39.42774,20.80638
39.42628,20.80896
39.42482,20.81154
39.42335,20.81411
39.42193,20.81192
39.4205,20.80972
39.41908,20.80752
39.41765,20.80532
39.41721,20.80154
