year,branch,branch_ar,total_area_ha,irrigated_area_ha,reclaimed_m3,groundwater_m3,agri_drainage_m3
2020,Al-Ahsa,الاحساء,8384.0,2488.0,81136190.0,870451.0,13139462.0
2020,Al-Aflaj,الأفلاج,101.0,72.0,,1652078.0,
2020,Riyadh,الرياض,18045.0,13534.0,31768711.0,,
2020,Qatif,القطيف,376.0,200.0,3129920.0,3461346.0,
2020,Dumat Al-Jandal,دومة الجندل,1600.0,950.0,,11073641.0,
2021,Al-Ahsa,الاحساء,8919.0,2616.0,95729896.0,440199.0,1989244.0
2021,Al-Aflaj,الأفلاج,101.0,77.0,,1151855.0,
2021,Riyadh,الرياض,16122.0,2553.0,27254947.0,,
2021,Qatif,القطيف,376.0,229.0,5220980.0,1686447.0,
2021,Madinah,المدينة المنورة,,1543.0,14550000.0,,
2021,Dumat Al-Jandal,دومة الجندل,1580.0,938.0,,10677154.0,
2022,Al-Ahsa,الاحساء,8919.0,3335.0,102718436.0,284033.0,1436947.0
2022,Al-Aflaj,الأفلاج,101.0,70.0,,1411231.0,
2022,Riyadh,الرياض,16122.0,2930.0,28085342.0,,
2022,Qatif,القطيف,376.0,229.0,6379014.0,,
2022,Madinah,المدينة المنورة,6525.0,1543.0,49610000.0,,
2022,Dumat Al-Jandal,دومة الجندل,1580.0,480.0,,6982061.0,
